title,date,author,comments,link
Scrapy Cloud Secrets: Hub Crawl Frontier and How To Use It,"August 06, 2020",Júlio César Batista,0 Comment,https://blog.scrapinghub.com/scrapy-cloud-secrets-hub-crawl-frontier-and-how-to-use-it
Blog Comments API (BETA): Extract Blog Comment DATA At Scale,"July 30, 2020",John Campbell,0 Comment,https://blog.scrapinghub.com/blog-comments-api-beta-release
Your Price Intelligence Questions Answered,"July 28, 2020",Himanshi Bhatt,0 Comment,https://blog.scrapinghub.com/price-intelligence-questions-answered
Data Center Proxies vs. Residential Proxies,"July 21, 2020",Attila Tóth,0 Comment,https://blog.scrapinghub.com/data-center-proxies-vs.-residential-proxies
How to Get High Success Rates With Proxies: 3 Steps to Scale Up,"July 14, 2020",Attila Tóth,0 Comment,https://blog.scrapinghub.com/how-to-get-high-success-rates-with-proxies-3-steps-to-scale-up
Job Postings API: Stable release,"July 09, 2020",John Campbell,0 Comment,https://blog.scrapinghub.com/job-postings-api-stable-release
Web Scraping Basics: A Developer’s Guide To Reliably Extract Data,"July 07, 2020",Chira Mircea,0 Comment,https://blog.scrapinghub.com/web-scraping-basics-tools
Extracting Article & News Data: The Importance of Data Quality,"June 23, 2020",Attila Tóth,0 Comment,https://blog.scrapinghub.com/news-api-blog-importance-of-article-quality
Price Gouging or Economics at Work: Price Intelligence to Track Consumer Sentiment,"June 11, 2020",Robert Cosgrave,0 Comment,https://blog.scrapinghub.com/price-gouging-or-economics-at-work-price-intelligence-to-track-consumer-sentiment
A Practical Guide to Web Data QA Part III: Holistic Data Validation Techniques,"June 09, 2020",Ivan Ivanov and Warley Ferreira Lopes,0 Comment,https://blog.scrapinghub.com/web-data-qa-part-iii-combining-manual-and-automated-techniques-for-holistic-data-validation
Product Reviews API (Beta): Extract Product Reviews at Scale,"May 19, 2020",Attila Tóth,0 Comment,https://blog.scrapinghub.com/product-reviews-api-beta-extract-product-reviews-at-scale
Custom crawling & News API: designing a web scraping solution,"April 28, 2020",Júlio César Batista,1 Comment,https://blog.scrapinghub.com/extract-articles-at-scale-designing-a-web-scraping-solution
Vehicle API (Beta): Extract Automotive Data at Scale,"April 16, 2020",Attila Tóth,0 Comment,https://blog.scrapinghub.com/vehicle-api-launch
A Practical Guide to Web Data Extraction QA Part II: Common validation pitfalls,"April 09, 2020",Ivan Ivanov,0 Comment,https://blog.scrapinghub.com/web-data-qa-common-validation-pitfalls
Transitioning to Remote Working as a Company,"March 25, 2020",Shane Evans,1 Comment,https://blog.scrapinghub.com/transitioning-to-remote-working-as-a-company
A Practical Guide to Web Data QA Part I: Validation Techniques,"March 24, 2020",Ivan Ivanov,2 Comment,https://blog.scrapinghub.com/guide-to-web-data-extraction-qa-validation-techniques
COVID-19: Handling the Situation as a Fully Remote Company,"March 13, 2020",Suzanne Hassett,0 Comment,https://blog.scrapinghub.com/covid-19-handling-the-situation-as-a-fully-remote-company
Extracting clean article HTML with News API,"March 12, 2020",Iván de Prado Alonso,0 Comment,https://blog.scrapinghub.com/extracting-clean-article-html-with-autoextract
Job Postings Beta API: Extract Job Postings at Scale,"March 05, 2020",Attila Tóth,1 Comment,https://blog.scrapinghub.com/job-postings-at-scale-beta-api
Building spiders made easy: GUI For Your Scrapy Shell,"March 03, 2020",Roy Healy,1 Comment,https://blog.scrapinghub.com/building-spiders-made-easy-gui-for-your-scrapy-shell
How To Scrape The Web Without Getting Blocked,"February 27, 2020",Attila Tóth,2 Comment,https://blog.scrapinghub.com/how-to-scrape-the-web-without-getting-blocked
News Web Data Extraction to Predict Irish Election Results,"February 24, 2020",Cristi Constantin and Rakesh Mehta,0 Comment,https://blog.scrapinghub.com/news-web-data-extraction-to-predict-irish-election-results
Introducing Crawlera free trials & new plans,"February 18, 2020",Pablo Hoffman,0 Comment,https://blog.scrapinghub.com/introducing-crawlera-free-trials-new-plans
Best Recruitment Tips: How to Scout Top Talent,"February 12, 2020",Eric Burke,0 Comment,https://blog.scrapinghub.com/recruitment-tips-to-find-top-talent
Looking Back at 2019,"January 30, 2020",Attila Tóth,0 Comment,https://blog.scrapinghub.com/looking-back-at-2019
How to use a proxy in Puppeteer,"January 23, 2020",Attila Tóth,2 Comment,https://blog.scrapinghub.com/how-to-use-a-proxy-in-puppeteer
How to leverage alternative data in asset management,"January 09, 2020",Marie Moynihan,0 Comment,https://blog.scrapinghub.com/how-to-leverage-alternative-data-in-asset-management
Building Blocks of an Unstoppable Web Scraping Infrastructure,"December 19, 2019",Attila Tóth,2 Comment,https://blog.scrapinghub.com/building-blocks-of-unstoppable-web-scraping-infrastructure
Backconnect Proxy: Explanation & Comparison To Other Proxies,"December 10, 2019",Attila Tóth,1 Comment,https://blog.scrapinghub.com/backconnect-proxy
4 Sectors That Benefited Most from Business Intelligence Software,"December 04, 2019",Louie Andre,0 Comment,https://blog.scrapinghub.com/4-sectors-that-benefited-most-from-business-intelligence-software
Price Scraping: The Best Free Tool To Scrape Prices,"November 26, 2019",Attila Tóth,0 Comment,https://blog.scrapinghub.com/price-scraping-best-free-tool-to-scrape-prices
How to use Crawlera with Scrapy,"November 14, 2019",Attila Tóth,0 Comment,https://blog.scrapinghub.com/how-to-use-crawlera-with-scrapy
"Scrapy, Matplotlib and MySQL: Real Estate Data Analysis","November 07, 2019",Attila Tóth,2 Comment,https://blog.scrapinghub.com/scrapy-matplotlib-and-mysql-real-estate-data-analysis
Web Scraping Questions & Answers Part II,"October 17, 2019",Attila Tóth,0 Comment,https://blog.scrapinghub.com/web-scraping-questions-answers-part-2
Scrapy & AutoExtract API integration,"October 15, 2019",Attila Tóth,0 Comment,https://blog.scrapinghub.com/scrapy-autoextract-api-integration
Web Scraping Questions & Answers Part I,"October 10, 2019",Attila Tóth,0 Comment,https://blog.scrapinghub.com/web-scraping-questions-answers-part-1
"Price intelligence with Python: Scrapy, SQL and Pandas","October 08, 2019",Attila Tóth,0 Comment,https://blog.scrapinghub.com/price-intelligence-with-python-scrapy-sql-pandas
The Web Data Extraction Summit 2019,"September 26, 2019",Attila Tóth,0 Comment,https://blog.scrapinghub.com/the-web-data-extraction-summit-2019
News Data Extraction at Scale with AI powered AutoExtract,"September 17, 2019",Attila Tóth,1 Comment,https://blog.scrapinghub.com/news-data-extraction-at-scale-with-ai-powered-autoextract
Gain a Competitive Edge with Product Data,"September 12, 2019",Marie Moynihan,0 Comment,https://blog.scrapinghub.com/gain-a-competitive-edge-with-product-data
Four Use Cases for Online Public Sentiment Data,"September 05, 2019",Marie Moynihan,0 Comment,https://blog.scrapinghub.com/use-cases-for-online-public-sentiment-data
The First-Ever Web Data Extraction Summit!,"August 29, 2019",Marie Moynihan,0 Comment,https://blog.scrapinghub.com/the-first-web-data-extraction-summit
Learn how to configure and utilize proxies with Python Requests module,"August 22, 2019",Attila Tóth,3 Comment,https://blog.scrapinghub.com/python-requests-proxy
How to set up a custom proxy in Scrapy?,"August 08, 2019",Attila Tóth,2 Comment,https://blog.scrapinghub.com/scrapy-proxy
GDPR Update: Scraping Public Personal Data,"July 25, 2019",Sanaea Daruwalla,0 Comment,https://blog.scrapinghub.com/gdpr-public-personal-data-update
Solution Architecture Part 5: Designing A Well-Optimised Web Scraping Solution,"July 04, 2019",Ian Kerins,3 Comment,https://blog.scrapinghub.com/solution-architecture-part-5-designing-a-solution-estimating-resource-requirements
Solution Architecture Part 4: Accessing The Technical Feasibility of Your Web Scraping Project,"June 13, 2019",Ian Kerins,1 Comment,https://blog.scrapinghub.com/solution-architecture-part-4-accessing-the-technical-feasibility-of-your-web-scraping-project
Visual Web Scraping Tools: What to Do When They Are No Longer Fit For Purpose?,"May 30, 2019",Ian Kerins,2 Comment,https://blog.scrapinghub.com/visual-web-scraping-tools-what-to-do-when-they-are-no-longer-fit-for-purpose
Solution Architecture Part 3: Conducting a Web Scraping Legal Review,"May 23, 2019",Sanaea Daruwalla,0 Comment,https://blog.scrapinghub.com/solution-architecture-part-3-conducting-a-web-scraping-legal-review
ScrapyRT: Turn Websites Into Real-Time APIs,"May 14, 2019",Pawel Miech,1 Comment,https://blog.scrapinghub.com/scrapyrt-turn-websites-into-real-time-apis
Web Data Analysis: Exposing NFL Player Salaries With Python,"May 09, 2019",Attila Tóth,0 Comment,https://blog.scrapinghub.com/web-data-analysis-exposing-nfl-player-salaries-with-python
From The Creators Of Scrapy: Artificial Intelligence Data Extraction API,"April 11, 2019",Ian Kerins,2 Comment,https://blog.scrapinghub.com/artificial-intelligence-data-extraction-api
Scrapinghub’s New AI Powered Developer Data Extraction API for E-Commerce & Article Extraction,"April 09, 2019",Ian Kerins,3 Comment,https://blog.scrapinghub.com/developer-data-extraction-api-for-product-article-extraction
Solution Architecture Part 2: How to Define The Scope of Your Web Scraping Project,"April 05, 2019",Ian Kerins,1 Comment,https://blog.scrapinghub.com/web-scraping-requirement-gathering
How to Architect a Web Scraping Solution: The Step-by-Step Guide,"March 28, 2019",Ian Kerins,0 Comment,https://blog.scrapinghub.com/architecting-a-web-scraping-solution
Navigating Compliance When Extracting Web Scraped Alternative Financial Data,"March 21, 2019",Sanaea Daruwalla,2 Comment,https://blog.scrapinghub.com/regulatory-compliance-for-alternative-web-scraped-financial-data
St Patrick’s Day Special: Finding Dublin’s Best Pint of Guinness With Web Scraping,"March 15, 2019",Ian Kerins,0 Comment,https://blog.scrapinghub.com/web-scraping-best-pint-of-guinness-dublin
Spidermon: Scrapinghub’s Secret Sauce To Our Data Quality & Reliability Guarantee,"March 05, 2019",Ian Kerins,2 Comment,https://blog.scrapinghub.com/spidermon-the-secret-sauce-to-our-data-quality-guarantee
Meet Spidermon: Scrapinghub’s Battle Tested Spider Monitoring Library [Now Open Sourced],"March 01, 2019",Renne Rocha,2 Comment,https://blog.scrapinghub.com/spidermon-scrapy-spider-monitoring
Proxy Management: Should I Build My Proxy Infrastructure In-House Or Use AN Off-The-Shelf Proxy Solution?,"February 21, 2019",Ian Kerins,0 Comment,https://blog.scrapinghub.com/best-web-scraping-proxy-management-solution
A Sneak Peek Inside Crawlera: The World’s Smartest Web Scraping Proxy Network,"February 15, 2019",Ian Kerins,0 Comment,https://blog.scrapinghub.com/sneak-peek-inside-crawlera
Why We Created Crawlera? The World’s Smartest Web Scraping Proxy Network,"February 07, 2019",Ian Kerins,0 Comment,https://blog.scrapinghub.com/the-crawlera-story
The Rise of Web Data in Hedge Fund Decision Making & The Importance of Data Quality,"February 01, 2019",Ian Kerins,0 Comment,https://blog.scrapinghub.com/alternative-financial-data-quality
The Predictive Power of Web Scraped Product Data For Institutional Investors: A GoPro Case Study,"January 24, 2019",John Larson,0 Comment,https://blog.scrapinghub.com/gopro-study
The Challenges E-Commerce Retailers Face Managing Their Web Scraping Proxies,"January 08, 2019",Ian Kerins,5 Comment,https://blog.scrapinghub.com/challenges-enterprise-ecommerce-web-scraping-proxies
Looking Back at 2018,"December 21, 2018",Ian Kerins,1 Comment,https://blog.scrapinghub.com/looking-back-at-2018
Do What is Right Not What is Easy!,"December 13, 2018",Sanaea Daruwalla,0 Comment,https://blog.scrapinghub.com/gdpr-web-scraping-iiap-europe-data-protection-congress
Shubber GetTogether 2018,"November 22, 2018",Ian Kerins,0 Comment,https://blog.scrapinghub.com/shubber-gettogether-2018
Data Quality Assurance for Enterprise Web Scraping,"September 27, 2018",Ian Kerins,3 Comment,https://blog.scrapinghub.com/data-quality-assurance-for-enterprise-web-scraping
What I Learned as a Google Summer of Code student at Scrapinghub,"September 12, 2018",Lam Chau Tung Nguyen,0 Comment,https://blog.scrapinghub.com/what-i-learned-as-a-google-summer-of-code-student-at-scrapinghub
GDPR Compliance For Web Scrapers: The Step-By-Step Guide,"July 25, 2018",Ian Kerins,6 Comment,https://blog.scrapinghub.com/web-scraping-gdpr-compliance-guide
Data for Price Intelligence: Lessons Learned Scraping 100 Billion Products Pages,"July 02, 2018",Ian Kerins,11 Comment,https://blog.scrapinghub.com/price-intelligence-web-scraping-at-scale-100-billion-products
A Sneak Peek Inside What Hedge Funds Think of Alternative Financial Data,"June 19, 2018",Ian Kerins,1 Comment,https://blog.scrapinghub.com/2018/06/19/a-sneak-peek-inside-what-hedge-funds-think-of-alternative-financial-data
Want to Predict Fitbit’s Quarterly Revenue? Eagle Alpha Did It Using Web Scraped Product Data,"June 07, 2018",Ian Kerins,0 Comment,https://blog.scrapinghub.com/2018/06/07/fitbit-quarterly-revenue-web-scraped-product-data
How Data Compliance Companies Are Turning To Web Crawlers To Take Advantage of the GDPR Business Opportunity,"May 30, 2018",Ian Kerins,2 Comment,https://blog.scrapinghub.com/2018/05/30/gdpr-compliance-tools-web-scraping-crawlers
Looking Back at 2017,"December 31, 2017",Scott Garcia,4 Comment,https://blog.scrapinghub.com/2017/12/31/looking-back-at-2017
"A Faster, Updated Scrapinghub","November 05, 2017",Scott Garcia,1 Comment,https://blog.scrapinghub.com/2017/11/05/a-faster-updated-scrapinghub
Scraping the Steam Game Store with Scrapy,"July 07, 2017",Andre Perunicic,1 Comment,https://blog.scrapinghub.com/2017/07/07/scraping-the-steam-game-store-with-scrapy
Do Androids Dream of Electric Sheep?,"June 19, 2017",Mikhail Korobov,0 Comment,https://blog.scrapinghub.com/2017/06/19/do-androids-dream-of-electric-sheep
Deploy your Scrapy Spiders from GitHub,"April 19, 2017",Valdir Stumm Jr,2 Comment,https://blog.scrapinghub.com/2017/04/19/deploy-your-scrapy-spiders-from-github
Looking Back at 2016,"January 01, 2017",Cecilia Haynes,1 Comment,https://blog.scrapinghub.com/2017/01/01/looking-back-at-2016
How to Increase Sales with Online Reputation Management,"December 15, 2016",Cecilia Haynes,6 Comment,https://blog.scrapinghub.com/2016/12/15/how-to-increase-sales-with-online-reputation-management
How to Build your own Price Monitoring Tool,"November 24, 2016",Valdir Stumm Jr,6 Comment,https://blog.scrapinghub.com/2016/11/24/how-to-build-your-own-price-monitoring-tool
How You Can Use Web Data to Accelerate Your Startup,"November 10, 2016",Cecilia Haynes,1 Comment,https://blog.scrapinghub.com/2016/11/10/how-you-can-use-web-data-to-accelerate-your-startup
An Introduction to XPath: How to Get Started,"October 27, 2016",Valdir Stumm Jr,16 Comment,https://blog.scrapinghub.com/2016/10/27/an-introduction-to-xpath-with-examples
Why Promoting Open Data Increases Economic Opportunities,"October 19, 2016",Cecilia Haynes,0 Comment,https://blog.scrapinghub.com/2016/10/19/why-promoting-open-data-increases-economic-opportunities
Interview: How Up Hail uses Scrapy to Increase Transparency,"October 06, 2016",Cecilia Haynes,0 Comment,https://blog.scrapinghub.com/2016/10/06/interview-how-up-hail-uses-scrapy-to-increase-transparency
How to Run Python Scripts in Scrapy Cloud,"September 28, 2016",Elias Dorneles,4 Comment,https://blog.scrapinghub.com/2016/09/28/how-to-run-python-scripts-in-scrapy-cloud
Embracing the Future of Work: How To Communicate Remotely,"September 22, 2016",Cecilia Haynes,2 Comment,https://blog.scrapinghub.com/2016/09/22/embracing-the-future-of-work-how-to-communicate-remotely
How to Deploy Custom Docker Images for Your Web Crawlers,"September 08, 2016",Valdir Stumm Jr,11 Comment,https://blog.scrapinghub.com/2016/09/08/how-to-deploy-custom-docker-images-for-your-web-crawlers
Improved Frontera: Web Crawling at Scale with Python 3 Support,"September 01, 2016",Alexander Sibiryakov,0 Comment,https://blog.scrapinghub.com/2016/09/01/improved-frontera-web-crawling-at-scale-with-python-3-support
How to Crawl the Web Politely with Scrapy,"August 25, 2016",Valdir Stumm Jr,13 Comment,https://blog.scrapinghub.com/2016/08/25/how-to-crawl-the-web-politely-with-scrapy
Introducing Scrapy Cloud with Python 3 Support,"August 17, 2016",Valdir Stumm Jr,2 Comment,https://blog.scrapinghub.com/2016/08/17/introducing-scrapy-cloud-with-python-3-support
What the Suicide Squad Tells Us About Web Data,"August 11, 2016",Cecilia Haynes,0 Comment,https://blog.scrapinghub.com/2016/08/11/what-the-suicide-squad-tells-us-about-web-data
This Month in Open Source at Scrapinghub August 2016,"August 04, 2016",Paul Tremberth,0 Comment,https://blog.scrapinghub.com/2016/08/04/this-month-in-open-source-at-scrapinghub-august-2016
Meet Parsel: the Selector Library behind Scrapy,"July 28, 2016",Elias Dorneles,0 Comment,https://blog.scrapinghub.com/2016/07/28/meet-parsel-the-selector-library-behind-scrapy
Incremental Crawls with Scrapy and DeltaFetch,"July 20, 2016",Valdir Stumm Jr,2 Comment,https://blog.scrapinghub.com/2016/07/20/scrapy-tips-from-the-pros-july-2016
Improving Access to Peruvian Congress Bills with Scrapy,"July 13, 2016",Carlos Peña,1 Comment,https://blog.scrapinghub.com/2016/07/13/improving-access-to-peruvian-congress-bills-with-scrapy
Scrapely: The Brains Behind Portia Spiders,"July 07, 2016",Ruairi Fahy,1 Comment,https://blog.scrapinghub.com/2016/07/07/scrapely-the-brains-behind-portia-spiders
Introducing Portia2Code: Portia Projects into Scrapy Spiders,"June 29, 2016",Ruairi Fahy,0 Comment,https://blog.scrapinghub.com/2016/06/29/introducing-portia2code-portia-projects-into-scrapy-spiders
Scraping Infinite Scrolling Pages,"June 22, 2016",Valdir Stumm Jr,7 Comment,https://blog.scrapinghub.com/2016/06/22/scrapy-tips-from-the-pros-june-2016
This Month in Open Source at Scrapinghub June 2016,"June 15, 2016",Paul Tremberth,0 Comment,https://blog.scrapinghub.com/2016/06/15/this-month-in-open-source-at-scrapinghub-june-2016
Introducing the Datasets Catalog,"June 09, 2016",Cecilia Haynes,1 Comment,https://blog.scrapinghub.com/2016/06/09/introducing-the-datasets-catalog
Introducing the Crawlera Dashboard,"June 01, 2016",Cecilia Haynes,0 Comment,https://blog.scrapinghub.com/2016/06/01/introducing-the-crawlera-dashboard
Data Extraction with Scrapy and Python 3,"May 25, 2016",Paul Tremberth,4 Comment,https://blog.scrapinghub.com/2016/05/25/data-extraction-with-scrapy-and-python-3
How to Debug your Scrapy Spiders,"May 18, 2016",Valdir Stumm Jr,4 Comment,https://blog.scrapinghub.com/2016/05/18/scrapy-tips-from-the-pros-may-2016-edition
Scrapy + MonkeyLearn: Textual Analysis of Web Data,"May 11, 2016",Valdir Stumm Jr,1 Comment,https://blog.scrapinghub.com/2016/05/11/monkeylearn-addon-retail-classifier-tutorial
Introducing Scrapy Cloud 2.0,"May 04, 2016",Valdir Stumm Jr,0 Comment,https://blog.scrapinghub.com/2016/05/04/introducing-scrapy-cloud-2-0
A (not so) Short Story on Getting Decent Internet Access,"April 27, 2016",Agustin,5 Comment,https://blog.scrapinghub.com/2016/04/27/a-not-so-short-story-on-getting-decent-internet-access
Scraping Websites Based on ViewStates with Scrapy,"April 20, 2016",Valdir Stumm Jr,21 Comment,https://blog.scrapinghub.com/2016/04/20/scrapy-tips-from-the-pros-april-2016-edition
Machine Learning with Web Scraping: New MonkeyLearn Addon,"April 14, 2016",Cecilia Haynes,0 Comment,https://blog.scrapinghub.com/2016/04/14/grow-your-data-with-monkeylearn-addon
Mapping Corruption in the Panama Papers with Open Data,"April 06, 2016",Cecilia Haynes,2 Comment,https://blog.scrapinghub.com/2016/04/06/how-to-become-a-whistleblower-from-panama-papers-to-open-data
Web Scraping to Create Open Data,"March 30, 2016",Lluís Esquerda,5 Comment,https://blog.scrapinghub.com/2016/03/30/web-scraping-to-create-open-data
Scrapy Tips from the Pros: March 2016 Edition,"March 23, 2016",Valdir Stumm Jr,2 Comment,https://blog.scrapinghub.com/2016/03/23/scrapy-tips-from-the-pros-march-2016-edition
This Month in Open Source at Scrapinghub March 2016,"March 16, 2016",Paul Tremberth,0 Comment,https://blog.scrapinghub.com/2016/03/16/this-month-in-open-source-at-scrapinghub-march-2016
Join Scrapinghub for Google Summer of Code 2016,"March 14, 2016",Cecilia Haynes,0 Comment,https://blog.scrapinghub.com/2016/03/14/join-scrapinghub-for-google-summer-of-code-2016
How Web Scraping is Revealing Lobbying and Corruption in Peru,"March 09, 2016",Carlos Peña,3 Comment,https://blog.scrapinghub.com/2016/03/09/how-web-scraping-is-revealing-lobbying-and-corruption-in-peru
Splash 2.0 Is Here with Qt 5 and Python 3,"February 29, 2016",Richard Dowinton,1 Comment,https://blog.scrapinghub.com/2016/02/29/splash-2-0-here-with-qt-5-and-python-3
Migrate your Kimono Projects to Portia,"February 26, 2016",Valdir Stumm Jr,2 Comment,https://blog.scrapinghub.com/2016/02/25/migrate-your-kimono-projects-to-portia
Scrapy Tips from the Pros: February 2016 Edition,"February 24, 2016",Valdir Stumm Jr,1 Comment,https://blog.scrapinghub.com/2016/02/24/scrapy-tips-from-the-pros-february-2016-edition
Portia: The Open Source Alternative to Kimono Labs,"February 17, 2016",Valdir Stumm Jr,6 Comment,https://blog.scrapinghub.com/2016/02/17/portia-alternative-to-kimono
Web Scraping Finds Stores Guilty of Price Inflation,"February 10, 2016",Cecilia Haynes,0 Comment,https://blog.scrapinghub.com/2016/02/10/which-stores-are-guilty-of-price-inflation
Python 3 is Coming to Scrapy,"February 04, 2016",Richard Dowinton,1 Comment,https://blog.scrapinghub.com/2016/02/04/python-3-support-with-scrapy-1-1rc1
Happy Anniversary: Scrapinghub Turns 5,"January 27, 2016",Cecilia Haynes,1 Comment,https://blog.scrapinghub.com/2016/01/27/happy-anniversary-scrapinghub-turns-5
Scrapy Tips from the Pros: Part 1,"January 19, 2016",Valdir Stumm Jr,14 Comment,https://blog.scrapinghub.com/2016/01/19/scrapy-tips-from-the-pros-part-1
Vizlegal: Rise of Machine-Readable Laws and Court Judgments,"January 13, 2016",vizlegal,0 Comment,https://blog.scrapinghub.com/2016/01/13/vizlegal-rise-of-machine-readable-laws-and-court-judgments
Christmas Eve vs New Year's Eve: Last Minute Price Inflation?,"January 06, 2016",Cecilia Haynes,0 Comment,https://blog.scrapinghub.com/2016/01/06/christmas-eve-vs-new-years-eve-last-minute-price-inflation
Looking Back at 2015,"December 31, 2015",Cecilia Haynes,1 Comment,https://blog.scrapinghub.com/2015/12/31/looking-back-at-2015
Winter Sales Showdown: Black Friday vs Cyber Monday vs Green Monday,"December 21, 2015",Cecilia Haynes,0 Comment,https://blog.scrapinghub.com/2015/12/21/winter-sales-showdown-black-friday-vs-cyber-monday-vs-green-monday
Chats With RINAR Solutions,"December 16, 2015",Cecilia Haynes,0 Comment,https://blog.scrapinghub.com/2015/12/16/chats-with-rinar-solutions
"Black Friday, Cyber Monday: Are They Worth It?","December 03, 2015",Cecilia Haynes,2 Comment,https://blog.scrapinghub.com/2015/12/03/black-friday-cyber-monday-are-they-worth-it
Tips for Creating a Cohesive Company Culture Remotely,"November 16, 2015",Cecilia Haynes,0 Comment,https://blog.scrapinghub.com/2015/11/16/tips-for-creating-a-cohesive-company-culture-remotely
Parse Natural Language Dates with Dateparser,"November 09, 2015",Richard Dowinton,6 Comment,https://blog.scrapinghub.com/2015/11/09/parse-natural-language-dates-with-dateparser
Aduana: Link Analysis to Crawl the Web at Scale,"September 29, 2015",Pedro López-Adeva,4 Comment,https://blog.scrapinghub.com/2015/09/29/aduana-link-analysis-to-crawl-the-web-at-scale
Scrapy on the Road to Python 3 Support,"August 19, 2015",Giovanni Piazza,5 Comment,https://blog.scrapinghub.com/2015/08/19/scrapy-on-the-road-to-python-3-support
Introducing Javascript support for Portia,"August 19, 2015",Ruairi Fahy,0 Comment,https://blog.scrapinghub.com/2015/08/19/introducing-javascript-support-for-portia
Distributed Frontera: Web Crawling at Scale,"August 06, 2015",Alexander Sibiryakov,5 Comment,https://blog.scrapinghub.com/2015/08/05/distributed-frontera-web-crawling-at-large-scale
The Road to Loading JavaScript in Portia,"August 03, 2015",Ruairi Fahy,0 Comment,https://blog.scrapinghub.com/2015/08/03/the-road-to-loading-javascript-in-portia
EuroPython 2015,"July 21, 2015",Richard Dowinton,0 Comment,https://blog.scrapinghub.com/2015/07/21/europython-2015
StartupChats Remote Working Q&A,"July 17, 2015",Richard Dowinton,0 Comment,https://blog.scrapinghub.com/2015/07/17/startupchats-remote-working
PyCon Philippines 2015,"July 15, 2015",Richard Dowinton,2 Comment,https://blog.scrapinghub.com/2015/07/15/pycon-philippines-2015
Google Summer of Code 2015,"June 25, 2015",Pablo Hoffman,0 Comment,https://blog.scrapinghub.com/2015/06/25/google-summer-of-code-2015
Link Analysis Algorithms Explained,"June 19, 2015",Richard Dowinton,0 Comment,https://blog.scrapinghub.com/2015/06/19/link-analysis-algorithms-explained
"EuroPython, here we go!","June 12, 2015",Giovanni Piazza,0 Comment,https://blog.scrapinghub.com/2015/06/12/europython-here-we-go
Aduana: Link Analysis with Frontera,"June 08, 2015",Richard Dowinton,0 Comment,https://blog.scrapinghub.com/2015/06/08/aduana-link-analysis-with-frontera-2
Using git to manage vacations in a large distributed team,"June 08, 2015",Pablo Hoffman,3 Comment,https://blog.scrapinghub.com/2015/06/08/git-for-managing-vacations
Gender Inequality Across Programming Languages,"May 27, 2015",Richard Dowinton,1 Comment,https://blog.scrapinghub.com/2015/05/27/gender-inequality-across-programming-languages
Traveling Tips for Remote Workers,"May 12, 2015",Giovanni Piazza,1 Comment,https://blog.scrapinghub.com/2015/05/12/traveling-tips-for-remote-workers
A Career in Remote Working,"April 28, 2015",Richard Dowinton,0 Comment,https://blog.scrapinghub.com/2015/04/28/a-career-in-remote-working
Frontera: The Brain Behind the Crawls,"April 22, 2015",Richard Dowinton,3 Comment,https://blog.scrapinghub.com/2015/04/22/frontera-the-brain-behind-the-crawls
Scrape Data Visually with Portia and Scrapy Cloud,"April 07, 2015",Richard Dowinton,0 Comment,https://blog.scrapinghub.com/2015/04/07/scrape-data-visually-with-portia-and-scrapy-cloud
Scrapinghub: A Remote Working Success Story,"March 17, 2015",Joanne O'Flynn,1 Comment,https://blog.scrapinghub.com/2015/03/17/scrapinghub-remote-working-success-story
Why we moved to Slack,"March 16, 2015",Pablo Hoffman,4 Comment,https://blog.scrapinghub.com/2015/03/16/why-we-moved-to-slack
The History of Scrapinghub,"March 16, 2015",Joanne O'Flynn,1 Comment,https://blog.scrapinghub.com/2015/03/16/history-of-scrapinghub
Skinfer: A Tool for Inferring JSON Schemas,"March 05, 2015",Elias Dorneles,0 Comment,https://blog.scrapinghub.com/2015/03/04/skinfer-a-tool-for-inferring-json-schemas
Handling JavaScript in Scrapy with Splash,"March 02, 2015",Richard Dowinton,23 Comment,https://blog.scrapinghub.com/2015/03/02/handling-javascript-in-scrapy-with-splash
Scrapinghub Crawls the Deep Web,"February 24, 2015",Shane Evans,2 Comment,https://blog.scrapinghub.com/2015/02/24/memex
New Changes to Our Scrapy Cloud Platform,"January 23, 2015",Richard Dowinton,1 Comment,https://blog.scrapinghub.com/2015/01/22/new-changes-to-our-scrapy-cloud-platform
Introducing ScrapyRT: An API for Scrapy spiders,"January 22, 2015",Richard Dowinton,5 Comment,https://blog.scrapinghub.com/2015/01/22/introducing-scrapyrt-an-api-for-scrapy-spiders
Looking Back at 2014,"December 31, 2014",Breno Colom,0 Comment,https://blog.scrapinghub.com/2014/12/31/looking-back-at-2014
XPath Tips from the Web Scraping Trenches,"July 17, 2014",Elias Dorneles,4 Comment,https://blog.scrapinghub.com/2014/07/17/xpath-tips-from-the-web-scraping-trenches
Introducing Data Reviews,"June 27, 2014",Breno Colom,0 Comment,https://blog.scrapinghub.com/2014/06/26/introducing-data-reviews
Extracting schema.org Microdata Using Scrapy Selectors and XPath,"June 18, 2014",Paul Tremberth,0 Comment,https://blog.scrapinghub.com/2014/06/18/extracting-schema-org-microdata-using-scrapy-selectors-and-xpath
"Announcing Portia, the Open Source Visual Web Scraper!","April 01, 2014",Shane Evans,36 Comment,https://blog.scrapinghub.com/2014/04/01/announcing-portia
Optimizing Memory Usage of Scikit-Learn Models Using Succinct Tries,"March 26, 2014",Mikhail Korobov,21 Comment,https://blog.scrapinghub.com/2014/03/26/optimizing-memory-usage-of-scikit-learn-models-using-succinct-tries
Open Source at Scrapinghub,"January 18, 2014",Pablo Hoffman,0 Comment,https://blog.scrapinghub.com/2014/01/18/open-source-at-scrapinghub
Looking Back at 2013,"December 31, 2013",Shane Evans,2 Comment,https://blog.scrapinghub.com/2013/12/31/looking-back-at-2013
Marcos Campal Is a ScrapingHubber!,"October 01, 2013",Pablo Hoffman,0 Comment,https://blog.scrapinghub.com/2013/10/01/marcos-campal-is-a-scrapinghubber
Introducing Dash,"July 27, 2013",Shane Evans,1 Comment,https://blog.scrapinghub.com/2013/07/26/introducing-dash
Why MongoDB Is a Bad Choice for Storing Our Scraped Data,"May 13, 2013",Shane Evans,27 Comment,https://blog.scrapinghub.com/2013/05/13/mongo-bad-for-scraped-data
"Introducing Crawlera, a Smart Page Downloader","May 11, 2013",Pablo Hoffman,0 Comment,https://blog.scrapinghub.com/2013/05/10/introducing-crawlera
Git Workflow for Scrapy Projects,"March 06, 2013",Pablo Hoffman,2 Comment,https://blog.scrapinghub.com/2013/03/06/git-workflow-scrapy-projects
How to Fill Login Forms Automatically,"October 26, 2012",Pablo Hoffman,1 Comment,https://blog.scrapinghub.com/2012/10/26/filling-login-forms-automatically
Spiders activity graphs,"August 25, 2012",Pablo Hoffman,1 Comment,https://blog.scrapinghub.com/2012/08/24/spiders-activity-graphs
Finding Similar Items,"July 23, 2012",Shane Evans,0 Comment,https://blog.scrapinghub.com/2012/07/23/finding-similar-items
Scrapy 0.15 dropping support for Python 2.5,"February 27, 2012",Pablo Hoffman,0 Comment,https://blog.scrapinghub.com/2012/02/27/scrapy-0-15-dropping-support-for-python-2-5
Autoscraping casts a wider net,"February 27, 2012",Shane Evans,4 Comment,https://blog.scrapinghub.com/2012/02/27/autoscraping-casts-a-wider-net
Scrapy 0.14 released,"November 18, 2011",Pablo Hoffman,0 Comment,https://blog.scrapinghub.com/2011/11/17/scrapy-0-14-released
Dirbot - a new example Scrapy project,"April 28, 2011",Pablo Hoffman,0 Comment,https://blog.scrapinghub.com/2011/04/28/dirbot-a-new-example-scrapy-project
Introducing w3lib and scrapely,"April 20, 2011",Pablo Hoffman,0 Comment,https://blog.scrapinghub.com/2011/04/19/introducing-w3lib-and-scrapely
Scrapy 0.12 released,"January 03, 2011",Pablo Hoffman,0 Comment,https://blog.scrapinghub.com/2011/01/02/scrapy-0-12-released
Spoofing your Scrapy bot IP using tsocks,"November 12, 2010",Pablo Hoffman,1 Comment,https://blog.scrapinghub.com/2010/11/12/scrapy-tsocks
"Hello, world","June 26, 2010",Shane Evans,0 Comment,https://blog.scrapinghub.com/2010/06/26/hello-world
