,title,price,stars
0,AAHANA PACK 100 DISPOSABLE MASK Surgical Mask With Melt...,₹194,3.3
1,Impulse Impulse Washable Reusable Outdoor Protection Fa...,₹199,
2,Wildcraft HypaShield Supermask reusable outdoor protect...,₹399,4
3,Wildcraft HypaShield Supermask reusable outdoor protect...,₹299,4.1
4,Fort Collins Reusable Outdoor Protection Mask 101,₹125,3.7
5,Swadeshi Filter Pro 5 Layer Triple Particle Filtration ...,₹179,3.9
6,Clovia MASK21P990 Surgical Mask With Melt Blown Fabric ...,₹249,3.9
7,ALTEK N95 FACE MASK FOR PROTECTION (BLUE) PACK OF 5 ASM...,₹249,4
8,NHR Surgical Face Mask Anti Pollution 3 Ply Face Mask...,₹249,3.6
9,Wildcraft W95+ Grindle,₹570,4.3
10,Godrej Protekt P-W95+ Reusable Face Mask Large Navy 890...,₹379,4.1
11,Wildcraft HypaShield Supermask reusable outdoor protect...,₹799,4.2
12,Wildcraft HypaShield Supermask reusable outdoor protect...,₹649,4.1
13,Jack & Jones 214066301 Cloth Mask With Melt Blown Fabri...,₹399,3.9
14,Gear OXYMAX Adult 6 Layer Reusable Outdoor ACCOXMOD02MS...,₹249,4
15,Godrej Protekt P-W95 Reusable Face Mask Large White 890...,₹336,4.1
16,VeBNoR 250 Units Disposable 3 Layer Pharmaceutical Brea...,₹699,4
17,3w 4 Ply Disposable Non Woven Fabric Mask With 4 Layer ...,₹249,4.2
18,Puma Adjustable Face Mask Set of Two 5410805,₹499,4.4
19,GORDON Herbal Aid Half Black Face Mask Pack of 6 Black ...,₹118,3.3
20,ALTEK ALTEK FACE MASK FOR PROTECTION GREY PACK OF 5 ASM...,₹249,3.9
21,2TwisT N95 Anti Pollution Mask Reusable And Washable ...,₹249,4.7
22,Allen Solly ASMSWRGF441243 Cloth Mask With Melt Blown F...,₹382,3.6
23,Bildos 3 Ply pharmaceutical mask with ultrasonic welded...,₹450,3.3
24,NHR Surgical Face Mask Anti Pollution 3 Ply Face Mask...,₹229,3.8
25,TRYFLY 3ply 200pc Surgical Mask With Melt Blown Fabric ...,₹399,4
26,UREVO Pack of 50 3ply Disposable Face Masks Bacterial ...,₹599,4.3
27,SWADESI STUFF PACK OF 100 Surgical Mask With Melt Blown...,₹299,3.7
28,Bildos Disposable mask with Nose pin 3 Layer Non Woven ...,₹299,3.8
29,Gleam N95 with Filter Face Mask Anti-Pollution & Anti ...,₹299,4
30,3W 4 Layer Non Woven Disposable Mask with 4 Layer prote...,₹249,4.5
31,3M Particulate Respirator 8210 N95 Mask NIOSH Approve...,"₹1,299",3.6
32,Young Trendz Anti-Pollution -Virus Saftey -Bike Rider -...,₹299,3.9
33,Bildos N95 Multi color Washable Mask N-95 with Hot air ...,₹399,4.3
34,Asian washable reusable face masks for germ protection ...,₹125,3.8
35,Marabous N95 & KN95 Mask Respirator Pollution Breathabl...,₹195,3.7
36,Gear Oxypro Outdoor Face Mask ACCOXPOD03MSK Reusable,₹269,4
37,Wildcraft W95+ 3P POPCORN BLU_POSDN L,₹570,4.1
38,Swadeshi N95 Mask Filter Pro 6 Layers Triple Particle F...,₹499,3.9
39,RBC ReusableWashable and Pollution Free N95 Mask For M...,₹222,4.7
40,Wildcraft HypaShield Supermask reusable outdoor protect...,₹649,4.1
41,Gleam N95 Face Mask Anti-Pollution & Anti Virus Breath...,₹149,4.1
42,NEA N95 / KN95 FFP2 5- Layer Reusable Anti-Pollution  ...,₹379,4.1
43,NEA 3 - Layer (3 ply) Surgical Respiratory Anti - Pollu...,₹279,3.2
44,Birde Filter Pro 5 Layer Triple Particle Filtration Sys...,₹229,4
45,AADICARE 500 pcs 3 PLY SURGICAL FACE MASK Surgical Mask,₹695,3.8
46,VeBNoR 50 Piece 3 Layer Extra Thick Extra Protective Wa...,₹229,3.7
47,Casa Confort mask100_4 Surgical Mask,₹259,3.9
48,Bildos disposable mask with nose pin and ultrasonic sea...,₹335,4.1
49,AAHANA PACK 100 DISPOSABLE MASK Surgical Mask With Melt...,₹194,3.3
50,Alcove 3Ply Surgical Mask(Pack Of 100) 3PLY-100 Surgica...,₹165,3.6
51,VeBNoR 50 Units Disposable 3 Ply Pharmaceutical Breatha...,₹199,3.7
52,Control D OMA Oxygen,₹289,3.9
53,Impulse Impulse Washable Reusable Outdoor Protection Fa...,₹199,
54,Gear OXYMAX Adult 6 Layer Reusable Outdoor ACCOXMOD02MS...,₹249,4
55,Swadesi Stuff N95 Multi Color Washable and Reusable CE...,₹399,4.7
56,Godrej Protekt P-W95 Reusable Face Mask Large White 890...,₹336,4.1
57,Attache N95 with Filter Face Mask Anti-Pollution & Ant...,₹379,4.3
58,NEA COTTON 3-LAYER PROTECTIVE REUSABLE Mask Respirator ...,₹579,4.2
59,Jack & Jones 214066301 Cloth Mask With Melt Blown Fabri...,₹399,3.9
60,Kathiyawad Shopping 10 Piece Washable mask Reusable mas...,₹299,3.8
61,VeBNoR 250 Units Disposable 3 Layer Pharmaceutical Brea...,₹699,4
62,3w 4 Ply Disposable Non Woven Fabric Mask With 4 Layer ...,₹249,4.2
63,GORDON Herbal Aid Half Black Face Mask Pack of 6 Black ...,₹118,3.3
64,FashMade 150 3PLY Surgical Mask,₹199,3.5
65,BADLAV 100 Units Disposable 3 Layer Pharmaceutical Brea...,₹223,3.5
66,Lavella 100 3 PLY BLUE Surgical Mask,₹179,3.5
67,FashMade 100 3PLY Surgical Mask,₹159,3.5
68,THE 9192 SMD-710 SMD-710,₹149,
69,Bildos 3 Ply pharmaceutical mask with ultrasonic welded...,₹450,3.3
70,Puma Adjustable Face Mask Set of Two 5410805,₹499,4.4
71,NEA N95/KN95 FFP2 5 Layer Reusable Anti-Pollution Anti-...,₹131,3.7
72,ALTEK ALTEK FACE MASK FOR PROTECTION GREY PACK OF 5 ASM...,₹249,3.9
73,Gleam N95 with Filter Face Mask Anti-Pollution & Anti ...,₹299,4
74,2TwisT N95 Anti Pollution Mask Reusable And Washable ...,₹249,4.7
75,Allen Solly ASMSWRGF441243 Cloth Mask With Melt Blown F...,₹382,3.6
76,NHR Surgical Face Mask Anti Pollution 3 Ply Face Mask...,₹229,3.8
77,TRYFLY 3ply 200pc Surgical Mask With Melt Blown Fabric ...,₹399,4
78,UREVO Pack of 50 3ply Disposable Face Masks Bacterial ...,₹599,4.3
79,NEA N95/KN95 5-Layer Anti- Pollution  Anti- Virus Reus...,₹251,3.9
80,Wildcraft W95+ 3P POPCORN BLU_POSDN L,₹570,4.1
81,Swadeshi N95 Mask Filter Pro 6 Layers Triple Particle F...,₹499,3.9
82,3W 4 Ply Disposable Face Masks (Pack of 25) Export Qual...,₹249,3.7
83,AAHANA PACK 100 DISPOSABLE MASK Surgical Mask With Melt...,₹194,3.3
84,HSR Health+ Surgical Mask 3 PLY-100Pcs Surgical Mask Wi...,₹299,3.8
85,GUBB 3 Ply Mask With Nose Pin Pink Surgical Face Mask ...,₹160,3.8
86,Pace International Health+Surgical Face Mask 3 Ply mas...,₹85,3.8
87,3W Surgical Nose Pin Anti Pollution Mask with 4 Layer P...,₹249,3.9
88,3w 4 Ply Disposable Non Woven Fabric Mask With 4 Layer ...,₹249,3.7
89,Impulse Impulse Washable Reusable Outdoor Protection Fa...,₹199,
90,AADICARE Mask with Head loop Great for Air Pollution Pr...,₹169,3.6
91,Birde Filter Pro 5 Layer Triple Particle Filtration Sys...,₹149,3.7
92,VeBNoR 50 Units Disposable 3 Ply Pharmaceutical Breatha...,₹199,3.8
93,Jack & Jones 214066301 Cloth Mask With Melt Blown Fabri...,₹399,3.9
94,Godrej Protekt P-W95 Reusable Face Mask Medium Navy 890...,₹336,3.4
95,Giordano 100% Cotton Anti Pollution Anti Heat Anti Dust...,₹599,4.1
96,Wildcraft W95+ Popcorn,₹570,4.3
97,NEA KN95/N95 with Valve Face Mask Anti-Pollution & Ant...,₹110,3.8
98,Ketmart Non Woven Elastic Ear-Loop Disposable Face Mask...,₹219,4
99,GORDON Herbal Aid Half Black Face Mask Pack of 6 Black ...,₹118,3.3
100,Supreme Home Collective Surgical Mask Surgical Face Mas...,₹139,3.6
101,3W Face Masks Non Woven Fabric Mask With 4 Layer Protec...,₹399,4.1
102,VeBNoR 25 Units Extra Thick Extra Protective Washable R...,₹159,
103,Bildos 3 Ply pharmaceutical mask with ultrasonic welded...,₹450,3.3
104,Supreme Home Collective Surgical &Pharmaceutical -pollu...,₹369,3.6
105,Matzo Natural Disposable ASTM F2100 with soft Ear Loop...,₹99,3.9
106,SYGA 1 Piece Pesticide Formaldehyde Paint Spray Protect...,₹499,3.9
107,MINIMALIST CLOTHING 5-COLORS Cloth Mask,₹149,3.5
108,NEA N95 / KN95 5 Layer Anti- Pollution Anti- Virus Reu...,₹119,3.6
109,Gleam N95 with Filter Face Mask Anti-Pollution & Anti ...,₹299,4
110,Louis Philippe LPMSMRGBI42835 Cloth Mask With Melt Blow...,₹509,3.8
111,Asian washable reusable face masks for germ protection ...,₹360,3.8
112,VeBNoR 10 PIECE COMBO OF N95 mask reusable N95 mask was...,₹399,3.6
113,Bildos N95 Multi color Washable Mask N-95 with Hot air ...,₹399,4.3
114,Gleam N95 Face Mask Anti-Pollution & Anti Virus Breath...,₹299,
115,3 Sepedge Health+ Surgical Mask Mask-15pcs Surgical Mas...,₹100,4.7
116,Royle Katoch 3-Ply FULL FACE COVER Plastic Shield Dispo...,₹189,3.5
117,3W Surgical Nose Pin Anti Pollution Mask with 4 Layer P...,₹449,3.9
118,TRYFLY 3ply 100pc Surgical Mask With Melt Blown Fabric ...,₹279,3.5
119,RBC ReusableWashable and Pollution Free N95 Mask For M...,₹222,4.7
120,Wildcraft W95+ Subliprint,₹570,4.2
121,VeBNoR Coronavirus mask Pharmaceutical mask (200 Piece)...,₹449,3.8
122,Nova Hexa Shield SN95 Reusable Protection Mask,₹279,3.9
123,NEA N95 / KN95 FFP2 5- Layer Reusable Anti-Pollution  ...,₹379,4.1
124,Matzo Natural Disposable ASTM F2100 with soft Ear Loop...,₹99,3.9
125,Flipkart SmartBuy Health+ Surgical Mask SM/50 Surgical ...,₹524,3.7
126,Hoteon UREVO Mask-3ply Disposable Face Masks Bacterial...,₹599,3.6
127,BADLAV 50 Units Disposable 3 Ply Pharmaceutical Breatha...,₹189,3.8
128,GUBB 3 Ply Mask With Nose Pin Surgical Mask 3 Ply 3 La...,₹160,3.9
129,AAHANA PACK 100 DISPOSABLE MASK Surgical Mask With Melt...,₹194,3.3
130,3W 4 Ply Disposable Face Masks Export Quality Non Woven...,₹249,3.8
131,THE 9192 SMD-704,₹149,4.7
132,NEA N95 / KN95 FFP2 5 Layer Anti- Pollution  Anti- Vir...,₹179,3.9
133,Impulse Impulse Washable Reusable Outdoor Protection Fa...,₹199,
134,EUME Protect+ 95 Face Mask with Adjustable Strap Washa...,₹169,4.3
135,careview N95 | FFP2 FDA CE DRDO Certified Protective ...,₹699,5
136,Wildcraft W95+ Pointel,₹570,4.3
137,Wildcraft W95+ Pointel,₹570,4.1
138,SHIELD INDIA SHIELD INDIA N95/KN95 5 Layer Reusable/Was...,₹385,3.7
139,Jack & Jones 214066301 Cloth Mask With Melt Blown Fabri...,₹399,3.9
140,NHR Surgical Face Mask Anti Pollution 3 Ply Face Mask...,₹799,3.7
141,shoora arts SHSUR02 Surgical Mask With Melt Blown Fabri...,₹298,5
142,Kihome 3Ply Mask pack of 300 Surgical Mask,₹479,3.6
143,GORDON Herbal Aid Half Black Face Mask Pack of 6 Black ...,₹118,3.3
144,HummingBird 100 Surgical Disposable 3 Ply Face Mask An...,₹599,4.2
145,Bildos 3 Layer Mask Surgical Mask With Nose pin BFE>95%...,₹500,3
146,Dr. Safe Face Mask 3 Ply ( Pack of 12 Pcs) Surgical Mas...,₹80,3.6
147,3M Pack Of 3 9004IN Anti pollution White,₹280,3.4
148,casera N95 Anti-Pollution/Surgical N95 Face MasK With M...,₹159,3.9
149,Bildos 3 Ply pharmaceutical mask with ultrasonic welded...,₹450,3.3
150,Attache KN95/N95 with Filter Face Mask Anti-Pollution ...,₹149,4
151,"face first ""COMBO"" OF HIGH QUALITY (HEALTH CARE) PRINTE...",₹299,3.9
152,Gleam N95 with Filter Face Mask Anti-Pollution & Anti ...,₹299,4
153,Bildos N95 Multi color Washable Mask N-95 with Hot air ...,₹399,4.3
154,NEA N95 FFP2 5 Layer Reusable Respirator Anti- Pollutio...,₹148,3.5
155,ae27 N95MSK07MULTI Cloth Mask With Melt Blown Fabric La...,₹349,3.9
156,3W Disposable Non Woven Fabric Mask with 4 Layer Protec...,₹249,3.7
157,Supreme Home Collective Surgical &Pharmaceutical -pollu...,₹369,3.6
158,3W Surgical Nose Pin Anti Pollution Mask with 4 Layer P...,₹269,4.2
159,RBC ReusableWashable and Pollution Free N95 Mask For M...,₹222,4.7
160,2TwisT N95 Anti Pollution Mask Reusable And Washable ...,₹349,
161,Jokot JO25 MB25 Surgical Mask With Melt Blown Fabric La...,₹199,3.9
162,Foxter FO50 Surgical Mask With 500 Melt Blown Fabric La...,₹999,3.9
163,NEA 3 - Layer (3 ply) Surgical Respiratory Anti - Pollu...,₹279,3.2
164,3w Disposable Non Woven Fabric Mask Surgical Mask,₹449,
165,VYBBA PHARMACEUTICAL MASK PACK OF 100 3 PLY SURGICAL MA...,₹299,3.5
166,Markloan 100 Layer Pharmaceutical Breathable Surgical P...,₹299,3.6
167,JMS Surgical Mask SM-200 Surgical Mask With Melt Blown ...,₹349,3.5
168,AADICARE KN-95 Air Filter Face Mask ReusableWashable- ...,₹140,3.7
169,AAHANA PACK 100 DISPOSABLE MASK Surgical Mask With Melt...,₹194,3.3
170,Asian washable reusable face masks for germ protection ...,₹125,4
171,Fort Collins Reusable Outdoor Protection Mask 113,₹399,3.3
172,face first kn-95 face mask pack of 4 -original seller-D...,₹139,3.7
173,WeCool N95 Mask Resuable with 5 layered Protection  An...,₹389,4
174,Louis Philippe LPMSMRGBD29700 Cloth Mask With Melt Blow...,₹509,4.2
175,NEA N95 / KN95 FFP2 5 Layer Anti- Pollution Anti- Viru...,₹229,4
176,Foxter N95 MS-1112131415 N95 mask N95-MS11-15 Pollu...,₹399,4.2
177,Bildos 3 Layer Face Mask With Nose Pin Premium Fabric M...,₹500,4.3
178,CAPIO ART FM10 Surgical Mask With Melt Blown Fabric Lay...,₹94,
179,Impulse Impulse Washable Reusable Outdoor Protection Fa...,₹199,
180,Pace International Health+Surgical Face Mask 3 Ply mas...,₹240,4.2
181,Rockjon 3 Ply Non Woven Face Mask With Nose Pin Surgica...,₹225,3.3
182,PRP Collections PRP-PC003 PC-003 3 Ply Non woven Face M...,₹290,4.5
183,Jack & Jones 214066301 Cloth Mask With Melt Blown Fabri...,₹399,3.9
184,3W mask Surgical Mask,₹399,
185,3M Particulate Respirator 9000ing with 8210-N95 (Pack o...,₹399,3.1
186,VIP VSAVE 6 Layer Protective Air Mesh Mask | Pack Of 3 ...,₹398,4.2
187,Gleam N95 Face Mask Anti-Pollution & Anti Virus Breath...,₹299,4
188,VeBNoR 8 PIECE COMBO OF N95 mask reusable N95 mask wash...,₹329,3.7
189,GORDON Herbal Aid Half Black Face Mask Pack of 6 Black ...,₹118,3.3
190,Puma Adjustable Printed Face Mask Set of Two 54108_03 C...,₹599,4
191,F Gear F95 Safeguard Mask for Adult 7 layer ISO CE SITR...,₹399,4
192,Venus anti pollution mask for men women n95 with inbuil...,₹135,3.7
193,Bildos 3 Ply pharmaceutical mask with ultrasonic welded...,₹450,3.3
194,CELWARK 100pc of use and through face mask Respirator F...,₹499,4.1
195,3W Non-Woven Face Masks with 4-Layer Protection & With ...,₹799,
196,3W Surgical Nose Pin Anti Pollution Mask with Protectio...,₹799,5
197,Lavella 200 3 PLY BLUE Surgical Mask,₹299,3.5
198,SHYAM JI MASK 3 PLY MASK21P99079 Surgical Mask With Mel...,₹269,
199,Gleam N95 with Filter Face Mask Anti-Pollution & Anti ...,₹299,4
200,Lavella 500 Surgical Face Mask Anti Pollution 3 Ply F...,₹499,
201,Flipkart SmartBuy Health+Surgical Mask SM-30 Surgical M...,₹299,3.5
202,RubCare Unisex Face Mask 3ply Surgical Mask Surgical M...,₹299,
203,AAHANA PACK 100 DISPOSABLE MASK Surgical Mask With Melt...,₹194,3.3
204,HummingBird 50 Surgical Disposable 3 Ply Face Mask Ant...,₹299,
205,Flipkart SmartBuy Health+ Surgical Mask SM-20 Surgical ...,₹177,3.5
206,Bildos 3 Ply pharmaceutical face mask with nose pin and...,₹330,4
207,3M 9004 IN Particulate Respirator (Pack of 2),₹314,3.8
208,Swadeshi N95 Mask Filter Pro 6 Layers Triple Particle F...,₹499,4.8
209,WeCool N95 Mask Resuable with 5 layered Protection  An...,₹389,4
210,Peter England Protective Fabric Mask PECLMSKW52022,₹297,3.8
211,CRETO KN95 6 Layers Reusable Anti-Pollution Face Mask ...,₹249,3.5
212,JANIS Mouth Nose Cover Mask Anti Pollution Reversible R...,₹299,3.7
213,Impulse Impulse Washable Reusable Outdoor Protection Fa...,₹199,
214,Gear OXYMAX Adult 6 Layer Reusable Outdoor ACCOXMOD02MS...,₹249,3.9
215,Young Trendz Anti-Pollution -Virus Saftey -Bike Rider -...,₹119,3.6
216,RockJon 3 Ply Mask With Nose Pin Pink Surgical Face Ma...,₹569,3.3
217,AADICARE Surgical Mask SM-500 Surgical Mask With Melt B...,₹695,4.1
218,BADLAV 100 Units Disposable 3 Layer Pharmaceutical Brea...,₹299,1.7
219,NEA KN95 / N95 Anti Pollution and Anti Viral 5 Layered ...,₹181,3.8
220,Fitness Mantra 3 Ply Non Woven Fabric Best Quality Surg...,₹69,3.4
221,HummingBird 200 Surgical Disposable 3 Ply Face Mask An...,₹899,
222,NEA 3 - Layer (3 ply) Surgical Respiratory Anti - Pollu...,₹279,3.2
223,Jack & Jones 214066301 Cloth Mask With Melt Blown Fabri...,₹399,3.9
224,HappiShoppi RSMPL-YE-5 Water Resistant Reusable Washa...,₹230,3.7
225,Impulse Fashionable Mask Reusable Cloth Mask,₹399,
226,Gleam N95 Face Mask Anti-Pollution & Anti Virus Breath...,₹699,4
227,Swadeshi N95 Mask Filter Pro 6 Layers Triple Particle F...,₹129,4.1
228,ALTEK ALTEK PASTEL BLUE FACE MASK FOR PROTECTION ASMEBL...,₹249,3.9
229,GORDON Herbal Aid Half Black Face Mask Pack of 6 Black ...,₹118,3.3
230,Fort Collins Reusable Outdoor Protection Mask 123,₹399,3.3
231,Louis Philippe LPMSMRGBL80409 Cloth Mask With Melt Blow...,₹509,4
232,KIHOME Disposable Unisex Face Mask Medical Dental Anti-...,₹269,3.6
233,Bildos 3 Ply pharmaceutical mask with ultrasonic welded...,₹450,3.3
234,3W Disposable Non Woven Fabric With 4 Layer Protection ...,₹399,
235,Shop & Shoppee SnSMB003 Reusable Washable Surgical Mas...,₹319,
236,GUBB 3 Ply Face Mask With Nose Pin 3 Layer Surgical Ma...,₹500,4
237,3W Disposable Face Masks with 4-Layer Protection with C...,₹899,
238,3 Sepedge 2PLY-MASK-25 Surgical Mask With Melt Blown Fa...,₹120,
239,Gleam N95 with Filter Face Mask Anti-Pollution & Anti ...,₹299,4
240,Shop & Shoppee SnSMB003 Reusable Washable Surgical Mas...,₹319,
241,HummingBird 200 Surgical Disposable 3 Ply Face Mask An...,₹899,
242,VeBNoR 300 Units Disposable 3 Layer Pharmaceutical Brea...,₹799,3.7
243,NEA 3 - Layer (3 ply) Surgical Respiratory Anti - Pollu...,₹279,3.2
244,SHIELD INDIA Surgical Face Mask Anti Pollution 3 Ply ...,₹99,3.4
245,3W 4 Ply Disposable Face Masks (Pack of 60-30 Each Colo...,₹499,
246,DawnRays Surgical Face Mask Anti Pollution 3 Ply Face...,₹349,
247,3M pack of 2 Particulate Respirator 8210 N95 Mask NIO...,₹599,3.2
248,NEA NEA KN95 / N95 Anti- Pollution & Ant-i Virus Reusab...,₹178,4.7
249,AAHANA PACK 100 DISPOSABLE MASK Surgical Mask With Melt...,₹194,3.3
250,Asian washable reusable face masks for germ protection ...,₹125,3.5
251,H-Store HS Black Red Black 02,₹179,3.9
252,Fort Collins Reusable Outdoor Protection Mask 123,₹399,3.3
253,Impulse Impulse Washable Reusable Outdoor Protection Fa...,₹199,
254,"face first ""COMBO"" OF HIGH QUALITY ""CHECK STYLE"" cloth ...",₹225,
255,Marabous N95 & KN95 Mask Respirator Pollution Breathabl...,₹270,4
256,SKC Surgical Mask SM-150 Surgical Mask With Melt Blown ...,₹279,3.5
257,X-WELL SM05 Surgical Mask With Melt Blown Fabric Layer,₹79,3.8
258,3W Non-Woven Face Masks with 4-Layer Protection & With ...,₹249,
259,Jack & Jones 214066301 Cloth Mask With Melt Blown Fabri...,₹399,3.9
260,3W Disposable Face Masks (Pack of 100-25 Each Color) Wi...,₹799,4.2
261,RockJon mask Pharmaceutical mask (200 Piece) 3 Layer Su...,₹499,3.8
262,DEFINITELY Disposable Air Pollution & Protection Mask F...,₹189,
263,GORDON Herbal Aid Half Black Face Mask Pack of 6 Black ...,₹118,3.3
264,3M Pack Of 4 9004ING Anti pollution White,₹339,3.2
265,Foxter N95 MS-12345 N95 mask N95-MS-1-5 Pollution m...,₹399,3.9
266,ALTEK N95 MASK FOR PROTECTION GREY PACK OF 5 ASMGGREY5 ...,₹249,4.1
267,Allen Solly AHMSCRGPL54136 Cloth Mask With Melt Blown F...,₹599,4
268,TAOS MASK Made with 5 Highly breathable filtration laye...,₹399,4.8
269,Bildos 3 Ply pharmaceutical mask with ultrasonic welded...,₹450,3.3
270,Peter England PECLMSKW52058N Cloth Mask With Melt Blown...,₹339,3.9
271,Vastramay MASK Cloth Mask,₹99,
272,VeBNoR Surgical Mask (400 Piece) Pharmaceutical Mask 3 ...,₹999,3.8
273,Gleam N95 with Filter Face Mask Anti-Pollution & Anti ...,₹299,4
274,KIHOME Disposable Unisex Face Mask Medical Dental Anti-...,₹699,3.7
275,ROAR PACK 50 3 PLY DISPOSABLE MASK NON WOVEN MELT B...,₹249,
276,Vimal 100 Units Disposable 3 Ply Pharmaceutical Breatha...,₹269,3.5
277,RV Mart Standard Comfort Disposable Pollution/Surgical ...,₹139,3.5
278,Crozier MASK purifying dust toxic gases in the airand...,₹949,
279,Bildos N95 Multi color Washable Mask N-95 with Hot air ...,₹399,4.3
280,Uniwalk 3D Respirator Disposable Face Mask KN95 Reusabl...,₹599,
281,3W Disposable Non-Woven Face Masks with 4-Layer Protect...,₹249,
282,Mtrocraft Wildcraftmask-3ply-30 Surgical Mask With Melt...,₹170,
283,NEA 3 - Layer (3 ply) Surgical Respiratory Anti - Pollu...,₹279,3.2
284,Vebeto 3 Ply Surgical Face Mask with PP Spunbond Non-Wo...,₹195,3.5
285,BADLAV mask 30 pack 30 Units Disposable 3 Layer Pharmac...,₹119,3.7
286,Herbal Aid Washable & Reusable BCMCFM4 Reusable Washab...,₹399,
287,Impulse Fashionable Mask Reusable Cloth Mask,₹199,4
288,Gear OXYMAX Adult 6 Layer Reusable Outdoor ACCOXMOD03M1...,₹349,3.9
289,AAHANA PACK 100 DISPOSABLE MASK Surgical Mask With Melt...,₹194,3.3
290,3M 9210 Respirator,₹766,4.8
291,eAmaze Cartoon Mask for Kids (For Girls) - Reusable Was...,₹249,3.8
292,Peter England PECLMSKW52065N Cloth Mask With Melt Blown...,₹339,4.5
293,Impulse Impulse Washable Reusable Outdoor Protection Fa...,₹199,
294,ALTEK N95 MASK FOR PROTECTION PACK OF 5 ASMHYELLOW5 Reu...,₹249,3.9
295,Supreme Home Collective Surgical &Pharmaceutical -pollu...,₹490,4.3
296,MOONSTRUCK MS-PM-10 Washable Reusable Surgical Mask Wi...,₹79,3
297,3W 4 Layer Non Woven Fabric With 4 Layer Protection Fac...,₹699,
298,3W 4 Ply Disposable Face Masks (Pack of 40-20 Each Colo...,₹399,
299,Bildos 3 Ply pharmaceutical mask with ultrasonic welded...,₹450,3.3
300,EDORE BLU-MSK-001 Reusable Washable Surgical Mask With...,₹99,3.6
301,3W 4 Ply Disposable Face Masks (Pack of 30-10 Each Colo...,₹299,
302,Herbal Aid Reusable Mask GSGF95 Reusable Washable,₹179,3.4
303,GORDON Herbal Aid Half Black Face Mask Pack of 6 Black ...,₹118,3.3
304,Peter England PECLMSKW52062N Cloth Mask With Melt Blown...,₹339,4.1
305,Birde Filter Pro 5 Layer Triple Particle Filtration Sys...,₹199,3.5
306,Jack & Jones 214066301 Cloth Mask With Melt Blown Fabri...,₹399,3.9
307,Ivaan Multi Color Unisex Reusable & Washable N-95 5 Lay...,₹349,3.7
308,Venus V4400 4400N95 N95 CERTIFIED YELLOW STRAP MASK,₹305,3
309,Bildos N95 Multi color Washable Mask N-95 with Hot air ...,₹399,4.3
310,TAOS MASK Without Respirator Made with 5 Highly breatha...,₹229,4.8
311,KIHOME Disposable Unisex Face Mask Medical Dental Anti-...,₹189,3.7
312,3W Disposable Face Masks (Pack of 100-50 Each Color) Wi...,₹799,
313,RBC ReusableWashable and Pollution Free N95 Mask For M...,₹222,4.7
314,Ketmart Disposable Face Masks - 100 PCS - For Home & Of...,₹199,
315,WeCool 3 Ply facemask 20Pcs Surgical Mask With Melt Blo...,₹320,5
316,JMS Surgical Mask SM-500 Surgical Mask With Melt Blown ...,₹699,3.6
317,Orthosys 100 Pcs DISPOSABLE FACE MASK AND RESPIRATOR Su...,₹295,4
318,3M 3M9913,₹849,4
319,AAHANA PACK 4 N95 RESPIRATOR MELT BLOWN BLACK BLK004 M...,₹169,3.5
320,Astellas 3 Ply Surgical Mask Pack of 100 Surgical Mask,₹980,
321,3W Surgical Nose Pin Anti Pollution Mask with 4 Layer P...,₹249,4.1
322,Orget Melt Blown Fabric Layer Mask Health Mask-3ply Dis...,₹349,
323,AAHANA PACK 100 DISPOSABLE MASK Surgical Mask With Melt...,₹194,3.3
324,3W Disposable Export Quality Non Woven Fabric Mask With...,₹699,
325,Venus V-414 SLOV (Pack of 4) Non-Woven GreenOccuational...,₹895,3.9
326,Peter England PECLMSKW52043N Cloth Mask With Melt Blown...,₹339,4
327,VeBNoR 100 Units Disposable 3 Layer Pharmaceutical Brea...,₹299,3.8
328,ALTEK N95 FACE MASK FOR PROTECTION (GREY) PACK OF 5 ASM...,₹249,4.1
329,Impulse Impulse Washable Reusable Outdoor Protection Fa...,₹199,
330,Inktree Designer Printed Face Mask (D.No.-73-64) Cloth ...,₹149,
331,Foxter N95 MS-678910 N95 mask N95-MS6-10 Pollution ...,₹399,3.9
332,Peter England PECLMSKW52047N Cloth Mask With Melt Blown...,₹339,4
333,Jack & Jones 214066301 Cloth Mask With Melt Blown Fabri...,₹399,3.9
334,AADICARE Surgical Mask Surgical Mask With Melt Blown Fa...,₹335,3.7
335,3w Disposable Non Woven Fabric Mask With 4 Layer Protec...,₹399,4
336,BADLAV 150 Units Disposable 3 Layer Pharmaceutical Brea...,₹299,3.6
337,Ketmart Disposable Air Purifier Face Mask 3 Ply Surgica...,₹199,
338,VeBNoR 200 Units Disposable 3 Layer Pharmaceutical Brea...,₹599,3.7
339,GORDON Herbal Aid Half Black Face Mask Pack of 6 Black ...,₹118,3.3
340,face first lk-2629 Surgical Mask With Melt Blown Fabric...,₹230,
341,3M Pack Of 1 9004 V Anti pollution White,₹390,3.3
342,Asian washable reusable face masks for germ protection ...,₹125,3.8
343,Gleam N95 with Filter Face Mask Anti-Pollution & Anti ...,₹299,4
344,Puma Face Mask (Set of 2) IN 5409501 Washable Cloth Mas...,₹499,4.2
345,QUORA Washable Reusable 5 Layers N95 Plus Coatex Anti-P...,₹195,4.8
346,3M Aura N99 Pollution 9332+,₹499,3.6
347,F Gear Coroguard F95 Safeguard Mask for Adult 7 layer I...,₹399,4.2
348,Aircum KN95 Shield Supermask reusable outdoor protectio...,₹99,3.5
349,Bildos N95 Multi color Washable Mask N-95 with Hot air ...,₹399,4.3
350,3W Disposable Face Masks with 3-Layer Protection & Comf...,₹499,
351,GUBB Surgical Mask 3 Ply With Nose Pin 3 Layer Mask Clo...,₹309,4
352,QTSY Anti Pollution Protective Face 3 PLY Mask Flu & Vi...,₹219,
353,RBC ReusableWashable and Pollution Free N95 Mask For M...,₹222,4.7
354,Bildos 3 Ply pharmaceutical mask with ultrasonic welded...,₹450,3.3
355,BLUEDOT 3 Ply face mask Pack of 110 Surgical Mask With ...,₹259,3.7
356,3W Disposable Non-Woven Face Masks with 4-Layer Protect...,₹399,
357,Herbal Aid KN95 KN95 Double Square Black Filter 1 Reusa...,₹185,
358,Queen's 18 KN95 reusable 5 layer filter respirator mask...,₹275,3.9
359,AAHANA PACK 4 N95 RESPIRATOR MELT BLOWN BLACK BLK004 M...,₹169,3.5
360,3 Sepedge 2PLY-MASK-35 Surgical Mask With Melt Blown Fa...,₹150,
361,Prime Safe 3 Ply Disposable Surgical Mask Dust Mask Pa...,₹349,3.8
362,Pace International Health+Surgical Face Mask 3 Ply mas...,₹120,
363,AAHANA PACK 100 DISPOSABLE MASK Surgical Mask With Melt...,₹194,3.3
364,Pramadda Outdoor Reusable Face protection gear anti pol...,₹275,3.9
365,Dabur Face mask Safe D95,₹540,3.7
366,BASE 41 Reusable and Washable Anti-Pollution Dust Unise...,₹199,3.6
367,Zedd 100% Cotton Face Mask 3 Layer Filtration System H...,₹199,3.8
368,Billion BREATH reusable outdoor mask FM12 Washable Clot...,₹260,3.9
369,Impulse Impulse Washable Reusable Outdoor Protection Fa...,₹199,
370,casera N95 Anti-Pollution/Surgical N95 Face MasK With M...,₹149,2.8
371,U.S. Polo Assn. USMAK0011,₹446,4.1
372,KIHOME Surgical Mask Surgical Mask_70 Surgical Mask,₹149,3.8
373,Jack & Jones 214066301 Cloth Mask With Melt Blown Fabri...,₹399,3.9
374,Blinkin anti-pollution Pack of 5 Surgical Mask,₹155,3.6
375,3w 4 Ply Disposable Non Woven Fabric Mask With 4 Layer ...,₹699,4
376,Salta 3 layer Disposable Face mask Anti flu  Virus pro...,₹599,3.4
377,DECORHUT FAB 3 ply mask 30 pc Surgical Mask With Melt B...,₹134,
378,VIKINGS MBCM-015 MBCM-015-BLU Washable Surgical Mask Wi...,₹105,2.9
379,GORDON Herbal Aid Half Black Face Mask Pack of 6 Black ...,₹118,3.3
380,3M 6200,"₹2,999",3.9
381,Metronaut reusable outdoor breathable mask SH - Mask07 ...,₹300,3.8
382,Minimalist Clothing PK-3-BN-YW-BK Cloth Mask,₹98,3.4
383,Bildos 3 Ply pharmaceutical mask with ultrasonic welded...,₹450,3.3
384,Jack & Jones 214408701 Cloth Mask,₹399,3.8
385,Impulse Washable Reusable Outdoor Protection Face Mask ...,₹210,3.7
386,VeBNoR COMBO OF 6 N95 mask washable N95 mask reusable m...,₹259,3.7
387,Gear OXYVENT ADULT 6 LAYER REUSABLE OUTDOOR FACE MASK� ...,₹299,4
388,L.O.F. Lords of Fashion LOF 3PLY DISPOSABLE FACE MASK (...,₹299,
389,Gleam N95 with Filter Face Mask Anti-Pollution & Anti ...,₹299,4
390,3w 4 Ply Disposable Non Woven Fabric Mask With 4 Layer ...,₹699,
391,3W Disposable Face Masks with 3-Layer Protection & Comf...,"₹1,599",
392,Pace International Health+Surgical Face Mask 3 Ply mas...,₹170,
393,Bildos N95 Multi color Washable Mask N-95 with Hot air ...,₹399,4.3
394,3W Disposable Export Quality Non Woven Fabric Mask With...,₹449,
395,AADICARE 3 LAYERS MASK PACK OF 300 3 PLY SURGICAL MASK ...,₹449,3.6
396,Herbal Aid Washable & Reusable CBFM1 Washable Reusable...,₹157,
397,Louis Philippe LPMSMRGBG70105 Cloth Mask With Melt Blow...,₹509,4.2
398,BODY BUILDING Pack of 5 Kn 95 Face Mask with Filter KN ...,₹179,4.3
399,AAHANA PACK 4 N95 RESPIRATOR MELT BLOWN BLACK BLK004 M...,₹169,3.5
400,3W Disposable Face Masks With 4 Layer Protection and Co...,₹599,3.5
401,eppyz 3 Layer Premium Non Woven Elastic Ear-Loop Dispos...,₹359,
402,Cafley Reusable Anti pollution KN95 protection CGM4,₹185,3.7
403,AAHANA PACK 100 DISPOSABLE MASK Surgical Mask With Melt...,₹194,3.3
404,Venus V4400 W N95,₹225,3.3
405,HAVIYA Cotton Printed Fashionable-01 Washable Cloth Mas...,₹199,3.3
406,EUME 2800000_MultiBlue Reusable Washable Cloth Mask,₹179,4.1
407,Birde N95 Mask Filter Pro 5 Layers Triple Particle Filt...,₹149,4.1
408,casera N95 Anti-Pollution N95 Face MasK With Melt Blown...,₹249,
409,Impulse Impulse Washable Reusable Outdoor Protection Fa...,₹199,
410,Livinguard L Street Large (Bombay Blue) Cloth Mask,"₹1,490",
411,SKC Surgical Mask SM-250 Surgical Mask With Melt Blown ...,₹399,3.6
412,3W Disposable Face Masks Export Quality Non Woven Fabri...,₹799,4.2
413,Jack & Jones 214066301 Cloth Mask With Melt Blown Fabri...,₹399,3.9
414,GUBB Germs / Virus Mask Protection Face Mask 3 Layer Ma...,₹159,3.6
415,Peter Jones Mouth Respirator Medical Disposable Face Ma...,₹140,
416,MoTRoX 3-Ply Mask for Virus Protection and Personal Hea...,₹142,3.3
417,Prime Safe 3 Ply Disposable Surgical Mask Dust Mask Pa...,₹259,
418,3M P1 3M 9000ING Dust / Mist Respirator Mask RP3M?9000I...,₹175,3.9
419,GORDON Herbal Aid Half Black Face Mask Pack of 6 Black ...,₹118,3.3
420,MontVitton 3 Layer Protective Pollution Mask 100% Cotto...,₹499,4.2
421,"Face First ""COMBO"" OF HIGH QUALITY (HEALTH CARE) PRINTE...",₹265,5
422,Asian washable reusable face masks for germ protection ...,₹360,3.8
423,Bildos 3 Ply pharmaceutical mask with ultrasonic welded...,₹450,3.3
424,Gear OXYMAX Adult 6 Layer Reusable Outdoor ACCOXMOD05MS...,₹499,3.9
425,Anweshas Pack of 3 Piece Premium Quality Skin Friendly ...,₹237,3.9
426,Peter England PECLMSKW52062N Cloth Mask With Melt Blown...,₹339,4.2
427,3W Disposable Face Masks (Pack of 100-50 Each Color) Wi...,₹799,
428,3W Face Masks (Pack of 200-100 Each Color) With 4 Layer...,"₹1,599",
429,Gleam N95 with Filter Face Mask Anti-Pollution & Anti ...,₹299,4
430,Peter Jones Mouth Respirator Medical Disposable Face Ma...,₹170,
431,SKC Surgical Mask Germ Protection SM-20 Surgical Mask W...,₹149,
432,RockJon 3 Ply Mask With Nose Pin Pink Surgical Face Ma...,₹199,
433,Bildos N95 Multi color Washable Mask N-95 with Hot air ...,₹399,4.3
434,BLAQUE Ultrasonic Face Mask with Nose Pin 3 Ply - 100 ...,₹450,3.7
435,Quick Shel LIFETIME REUSABLE WASHABLE FACE MASK OF 180G...,₹260,3.3
436,oromask O2 N95 White Organic,₹299,4.5
437,3M Pack of 2 9004IN Anti Pollution Dust Proof reusable,₹235,3.5
438,Venus Anti-Pollution Premium Quality Mask V410V ( Yello...,₹218,3.2
439,RBC ReusableWashable and Pollution Free N95 Mask For M...,₹222,4.7
440,PEUBUD PEUBUD ®3-Ply Disposable Surgical Face Mask With...,₹180,
441,Herbal Aid Flag Print Flag Print,₹169,3.3
442,H-STORE nin27,₹149,4
443,AAHANA PACK 100 DISPOSABLE MASK Surgical Mask With Melt...,₹194,3.3
444,Ocean N95 Mask without valve N95 Multicolor Mask Corona...,₹299,
445,Happy Traders Venus Best Quality Reusable With N95-Nozz...,₹189,3.6
446,Aircum Air-AN95 Shield Supermask reusable outdoor 5 Lay...,₹99,3.6
447,Godrej Protekt P-W95 Reusable Face Mask Small White 890...,₹379,3.7
448,Vero Moda 214173302 Cloth Mask With Melt Blown Fabric L...,₹399,4.1
449,Impulse Impulse Washable Reusable Outdoor Protection Fa...,₹199,
450,3W Disposable Face Masks (Pack of 50-25 Each Color) Wit...,₹499,4.1
451,3W 4 Ply Non Woven Fabric With 4 Layer Protection Face ...,₹399,
452,dumppy 3 ply surgical disposable face mask 200pc Surgic...,₹799,
453,Jack & Jones 214066301 Cloth Mask With Melt Blown Fabri...,₹399,3.9
454,shoora arts MPK90 Surgical Mask With Melt Blown Fabric ...,₹554,
455,Mtrocraft Wildcraftmask-3ply-10 Surgical Mask With Melt...,₹130,
456,Salta Melt blown Filter Non-Woven Fabric Breathable Sur...,₹299,3.3
457,Herbal Aid KN95 N95 Square Filter Black Mask 1 Reusable,₹179,
458,Medimaf By Mafatlal MN95 Mask Cloth Mask,₹299,4
459,GORDON Herbal Aid Half Black Face Mask Pack of 6 Black ...,₹118,3.3
460,VeBNoR MASK 3P (500) Surgical Mask,₹949,4
461,Gleam N95 Face Mask Anti-Pollution & Anti Virus Breath...,₹599,
462,Swadeshi N95 Mask Filter Pro 6 Layers Triple Particle F...,₹169,3.6
463,WeCool N95 Mask Resuable with 5 layered Protection  An...,₹389,4
464,Dabur Face mask Safe D95,₹195,4
465,Gear OXYVENT ADULT 6 LAYER REUSABLE OUTDOOR FACE MASK� ...,₹349,4
466,LOREM MASK250 1 time use Disposable |Surgical Face Mask...,₹946,
467,Trendy Trotters Earloop Medical Face Masks 3 Layer Non-...,₹199,3.6
468,3W Disposable Export Quality Non Woven Fabric Mask With...,₹249,
469,Bildos 3 Ply pharmaceutical mask with ultrasonic welded...,₹450,3.3
470,eppyz 3 Layer Non Woven Elastic Ear-Loop Disposable Fac...,₹289,
471,3W 3Ply Non Woven Fabric With 3 Layer Protection Face M...,₹799,
472,Leemara Surgical Mask (3PLY) Virus Protection and Pers...,₹158,3.5
473,Gleam N95 with Filter Face Mask Anti-Pollution & Anti ...,₹299,4
474,3M 8822 MASK AND RESPIRATOR PACK OF 3 PIECE,"₹1,169",
475,Magadis N95 mask without filter high quality Non-woven ...,₹279,3.6
476,LOREM 50N Anti-Pollution/Surgical N95 Face Mask (N95-GR...,"₹1,290",5
477,Wildcraft W95+ Subliprint,₹570,3.4
478,Young Trendz Mask (Pack of 5),₹149,3.5
479,Bildos N95 Multi color Washable Mask N-95 with Hot air ...,₹399,4.3
480,3M Antipollution Dust/Mist Riding Respirator (White Pa...,₹699,3.9
481,Swadeshi N95 Mask Filter Pro 6 Layers Triple Particle F...,₹169,3.6
482,Young Trendz Mask (Pack of 5),₹149,3.5
483,NEA 3 - Layer (3 ply) Surgical Respiratory Anti - Pollu...,₹279,3.2
484,GlassZone Professional Respiratory KN95 Face Mask for v...,₹170,3.8
485,LA'FORTE  CE WHO Approved N95 Mask Pack of 5 pcs NIOS...,₹325,3.7
486,Venus V4420 FFP2 ISI approved class 3 Flat Fold Style R...,₹139,4.3
487,Peter England PECLMSKW52058N Cloth Mask With Melt Blown...,₹339,4.1
488,SKC Surgical Mask Virus Protection SM-50 Surgical Mask...,₹159,4
489,AAHANA PACK 100 DISPOSABLE MASK Surgical Mask With Melt...,₹194,3.3
490,Ketmart Disposable Soft and Hypoallergenic Ear-loop 3 p...,₹149,4
491,eppyz 3 Layer Non Woven Elastic Ear-Loop Disposable Fac...,₹289,
492,Flipkart SmartBuy Health+ Surgical Mask SM-50 Surgical ...,₹550,3.5
493,Impulse Impulse Washable Reusable Outdoor Protection Fa...,₹199,
494,Vulture 3 PLY PACK OF 50 3 PLY PACK OF 50 Surgical Mask...,₹175,
495,3W 3Ply Non Woven Fabric With 3 Layer Protection Face M...,₹799,
496,3M 8822 MASK AND RESPIRATOR PACK OF 3 PIECE,"₹1,169",
497,Metronaut reusable outdoor breathable mask SH - Mask05 ...,₹225,3.7
498,Asian MASK-2001-LIGHTGREY-1 MASK-2001-LIGHTGREY-1 Reusa...,₹125,3.6
499,WeCool N95 Mask Resuable with 5 layered Protection  An...,₹389,4
500,Good Friends ( Set of 2 ) Cotton Washable Reusable Face...,₹99,3.6
501,Good Friends ( Set of 6 ) Cotton Washable Reusable Face...,₹199,3.5
502,Puma Adjustable Face Mask Set of Two 5410807,₹599,4.3
503,Jack & Jones 214066301 Cloth Mask With Melt Blown Fabri...,₹399,3.9
504,ketmart 100% khadi cotton mask Reusable Washable Face M...,₹399,4.4
505,3W Disposable Face Masks with 3-Layer Protection & Comf...,₹649,
506,3W 3 Ply Face Mask (Pack of 25) Export Quality Melt Blo...,₹269,
507,3W Disposable Face Masks with 3-Layer Protection with C...,₹499,
508,Flip Finz SM-30 Surgical Mask With Melt Blown Fabric La...,₹149,
509,GORDON Herbal Aid Half Black Face Mask Pack of 6 Black ...,₹118,3.3
510,ROAR PACK 100 3 PLY DISPOSABLE MASK NON WOVEN MELT ...,₹299,
511,Vaghani 50 Piece Of 3 Ply Surgical Mask 3 Ply Surgical ...,₹199,
512,Herbal Aid KN95 KN95 Square Filter Black Mask 4 Reusabl...,₹479,
513,Bildos 3 Ply pharmaceutical mask with ultrasonic welded...,₹450,3.3
514,Kathiyawad Shopping N95 Mask Respirator Pollution Breat...,₹599,4.1
515,Genie Care Pro Mask CAREPROMASK3PTEAST Reusable Washab...,₹368,3.9
516,Magadis N95 mask without filter high quality Non-woven ...,₹279,3.6
517,Allen Solly AHMSCRGPE80635 Cloth Mask With Melt Blown F...,₹424,3.7
518,EXONIC MEDICAL MASK 3 Reusable Washable Cloth Mask,₹144,3.8
519,Gleam N95 with Filter Face Mask Anti-Pollution & Anti ...,₹299,4
520,Louis Philippe Ultra Protect 7 layer LPMSMRGPU50232 Clo...,₹499,4.2
521,SKITTER washable reusable face masks for germ protectio...,₹84,3.8
522,"face first ""COMBO"" OF HIGH QUALITY ""CHECK STYLE"" cloth ...",₹185,4.3
523,AAHANA PACK 100 DISPOSABLE MASK Surgical Mask With Melt...,₹194,3.3
524,Venus V410 ISI Approved Industrial Safety Product Nose ...,₹199,3.2
525,Jack & Jones REUSABLE ANTI BACTERIAL 214066201 Cloth Ma...,₹399,4.3
526,Priority Reusable 6 Layer Germ Protection Mask Washable...,₹399,4.6
527,YAJNAS 3 Ply Disposable Face Masks Germ Dust Protection...,₹798,
528,D'Milano SURGICAL Disposable 3 layer face mask (pack of...,₹125,3.3
529,Impulse Impulse Washable Reusable Outdoor Protection Fa...,₹199,
530,LocalRama Disposable Surgical Protective Face Mask For ...,₹489,
531,MEHAN'S Surgical Dust Anti-pollution 3 Layer Face Mask ...,₹289,3.3
532,3W Surgical Nose Pin Anti Pollution Mask with 4 Layer P...,₹799,
533,Jack & Jones 214066301 Cloth Mask With Melt Blown Fabri...,₹399,3.9
534,3W Disposable Face Masks with 3-Layer Protection & Comf...,₹899,
535,NS STUFF Surgical mask 3Ply Mask Surgical Mask With Mel...,₹80,3.9
536,VeBNoR 6 units Washable mask Reusable mask Anti Polluti...,₹259,3.6
537,SlowLoris SLMC5 Reusable Washable Cloth Mask,₹199,3.5
538,careview CV1221 Reusable,₹317,4.1
539,NEA KN95 / N95 Anti Pollution and Anti Viral 5 Layered ...,₹181,3.8
540,Metronaut reusable outdoor breathable mask SH - Mask12 ...,₹375,
541,Staunch KN95 Anti Pollution Mask with 5 Layer Filtratio...,₹240,
542,H-Store Ninja Black Grey Black,₹179,3.8
543,GORDON Herbal Aid Half Black Face Mask Pack of 6 Black ...,₹118,3.3
544,3W Face Masks with 4-Layer Protection with Comfortable ...,"₹1,599",
545,3W Disposable Face Masks (Pack of 50-25 Each Color) Wit...,₹399,
546,FINCH Surgical Face Mask Anti Pollution 3 Ply Face Ma...,₹198,3.9
547,Matzo Natural Disposable ASTM F2101 10 Pack Face Mask...,₹299,4
548,3W 3 Ply Non Woven Fabric With 3 Layer Protection Face ...,₹249,
549,Bildos 3 Ply pharmaceutical mask with ultrasonic welded...,₹450,3.3
550,Antil's M-200 Surgical Mask,₹519,3.9
551,Autofurnish Anti-pollution Half Face Mouth-muffle Dust ...,₹249,3.1
552,Van Heusen VWMSFRGP242919 Cloth Mask With Melt Blown Fa...,₹424,4.2
553,WeCool N95 Mask Resuable with 5 layered Protection  An...,₹389,4
554,Billion BREATH reusable outdoor mask FM09 Reusable Clot...,₹260,3.8
555,3M Particulate Respirator 8210 N95 160 EA/Case NIOSH A...,₹589,3.1
556,Puma Adults and Kids (7-12 years) Face Mask Combo Set o...,₹699,4.3
557,VeBNoR 50 Units Disposable 3 Ply Pharmaceutical Breatha...,₹199,3.7
558,HappiShoppi HappiShoppi 100% Cotton Kids Washable & Reu...,₹349,3.9
559,Gleam N95 with Filter Face Mask Anti-Pollution & Anti ...,₹299,4
560,Gleam N95 Face Mask Anti-Pollution & Anti Virus Breath...,₹349,4.1
561,oromask PACK OF 3 STREET0 - FIT Reusable Washable,₹229,4
562,Asian washable reusable face masks for germ protection ...,₹360,3.7
563,AAHANA PACK 100 DISPOSABLE MASK Surgical Mask With Melt...,₹194,3.3
564,AAHANA PACK 4 N95 RESPIRATOR MELT BLOWN BLACK BLK004 M...,₹169,3.5
565,GUILDFORD Mask-3ply Disposable Face Masks Pack Built-I...,₹599,4.6
566,RONZILLE SURGICALE face mask (3 layer face mask) (pack ...,₹128,3.8
567,3 Sepedge 3PLY-MASK-60 Surgical Mask With Melt Blown Fa...,₹194,
568,3W Disposable face Mask with 4 Layer Protection and wit...,₹449,
569,Impulse Impulse Washable Reusable Outdoor Protection Fa...,₹199,
570,Swadesi Stuff 3 Ply Anti Pollution Surgical Face Mask f...,₹849,
571,3W Disposable Face Masks with 3-Layer Protection & Comf...,₹899,3.5
572,Reforce Anti Pollution 3 Ply Disposable Face Mask With...,₹199,
573,NEA KN95 / N95 Anti Pollution and Anti Viral 5 Layered ...,₹181,3.8
574,3M Particulate Respirator 9000ing with 8210-N95 (Pack o...,₹639,3.3
575,Attache N95 with Filter Face Mask Anti-Pollution & Ant...,₹299,
576,Nova Lexa Reversible Denim Outdoor Protection Cloth Mas...,₹299,4.3
577,NEA N95 Anti pollution  Anti Viral and Breathable Prin...,₹328,
578,Nova Hexa Shield SN95 Reusable Protection Mask 1182,₹239,3.7
579,Jack & Jones 214066301 Cloth Mask With Melt Blown Fabri...,₹399,3.9
580,3M 9010 9010 NIOSH approved N95 Particulate Respirator ...,"₹1,199",4.2
581,Gleam N95 Face Mask Anti-Pollution & Anti Virus Breath...,₹349,3.6
582,NHR Surgical Face Mask Anti Pollution 3 Ply Face Mask...,₹349,3.3
583,Bildos 3 Ply pharmaceutical mask with ultrasonic welded...,₹450,3.3
584,3W Face Masks (Pack of 100-50 Each Color) With 4 Layer ...,₹899,
585,Eliq 3 Ply Face Mask - Surgical Face Mask For Virus Pro...,₹598,
586,Dvis Unisex Disposable Nose Mouth Protection Cover with...,₹475,3.7
587,Niger Surgical Respiratory Mask - 01 Surgical Mask With...,₹159,
588,Rockjon 3 Ply Non Woven Face Mask With Surgical Mask Wi...,₹179,
589,GORDON Herbal Aid Half Black Face Mask Pack of 6 Black ...,₹118,3.3
590,Herbal Aid Reusable & Washable Mask Red & Yellow Combo ...,₹389,
591,Venus (PACK OF 2) Anti pollution mask for men women n95...,₹205,3.7
592,Lavella 4 denim Cotton Reusable Reversible Washable Ant...,₹209,3.8
593,Gleam N95 with Filter Face Mask Anti-Pollution & Anti ...,₹299,4
594,slowloris SLDBF1 Reusable Cloth Mask,₹80,3.9
595,Bildos 6 pieces N95 Protective Mask with 5 Layer CE Cer...,₹500,4.3
596,Jack & Jones 214398401 Cloth Mask,₹399,
597,Allen Solly ASMSWRGF182673 Cloth Mask With Melt Blown F...,₹424,3.4
598,3W 4 Ply Disposable Face Masks (Pack of 100-25 Each Col...,₹849,
599,Bildos N95 Multi color Washable Mask N-95 with Hot air ...,₹399,4.3
600,Nova Hexa Shield SN95 Reusable Protection Mask 1182,₹239,3.7
601,3M Standard N95 1860 (Pack of 2) Health Care Disposable...,₹844,4.1
602,slowloris SLDBF1 Reusable Cloth Mask,₹80,3.9
603,NEA N95 / KN95 FFP2 5- Layer Reusable Anti-Pollution  ...,₹379,4.1
604,Jack & Jones 214398401 Cloth Mask,₹399,
605,Anweshas Combo of 50 Pieces 3 Ply Unisex Disposable Sur...,₹299,3.9
606,SHIELD INDIA Surgical Face Mask Anti Pollution 3 Ply ...,₹269,
607,3W Face Masks Export Quality Non Woven Fabric Mask With...,₹399,
608,iTronix 100 Pieces 3 PLY Face Mask MS-15 Surgical Mask,₹299,3.6
609,AAHANA PACK 100 DISPOSABLE MASK Surgical Mask With Melt...,₹194,3.3
610,face first mm-2629 Surgical Mask With Melt Blown Fabric...,₹359,
611,SWADESI STUFF PACK OF 200 Surgical Mask With Melt Blown...,₹595,
612,Herbal Aid H500 H500 HAWFM 2 Reusable,₹389,
613,WeCool N95 Mask Resuable with 5 layered Protection  An...,₹389,4
614,Gleam N95 Face Mask Anti-Pollution & Anti Virus Breath...,₹349,3.6
615,F Gear Pearl F95 Mask for Adult 7 layer ISO CE SITRA la...,₹299,4.3
616,EUME 2800000_CamoRed Reusable Washable Cloth Mask,₹179,3.6
617,NEA N95 Anti pollution  Anti Viral and Breathable Prin...,₹328,
618,Lavella 4 denim Cotton Reusable Reversible Washable Ant...,₹209,3.8
619,Impulse Impulse Washable Reusable Outdoor Protection Fa...,₹199,
620,3M 9010 9010 NIOSH approved N95 Particulate Respirator ...,"₹1,199",4.2
621,3W Surgical Nose Pin Anti Pollution Mask with 4 Layer P...,"₹1,599",
622,Livingcreation 3 layer ply face mask Surgical Mask With...,₹120,3.8
623,Jack & Jones 214066301 Cloth Mask With Melt Blown Fabri...,₹399,3.9
624,VYBBA 3 LAYERS PHARMACEUTICAL MASK PACK OF 200 3 PLY SU...,₹495,3.6
625,Mopi respiratory Surgical Mask With Melt Blown Fabric ...,₹349,
626,SKC Surgical Mask SM-300 Surgical Mask With Melt Blown ...,₹449,3.1
627,3W Disposable Face Masks with 3-Layer Protection & Comf...,₹449,
628,Herbal Aid Reusable & Washable Mask Black Filter 1 Reus...,₹229,3.6
629,Bildos 3 Ply pharmaceutical mask with ultrasonic welded...,₹450,3.3
630,EUME 2800007_Multi 3 (L Singham),₹638,
631,Silver Shine Child kids Combo Mask Reusable Pollution P...,₹279,4.5
632,EUME 2800000_Blue Cloth Mask,₹169,3.5
633,GORDON Herbal Aid Half Black Face Mask Pack of 6 Black ...,₹118,3.3
634,Nova Lexa Shield Reusable Outdoor Protection with Melt ...,₹299,4.1
635,Peter England PECLMSKW52039N Cloth Mask With Melt Blown...,₹339,4
636,Nova Cora Shield Premium Reusable Protection Mask Cloth...,₹199,
637,Kiraro 3 Ply Disposable Surgical Mask with Nose Pin for...,₹599,3.4
638,Swastik 3 layer Anti pollution & virus protection 3Ply ...,₹139,3.3
639,Gleam N95 with Filter Face Mask Anti-Pollution & Anti ...,₹299,4
640,Floto Anti Pollution Dust Protection Half Face Mask Bik...,₹99,3
641,LOREM 9N Anti-Pollution/Surgical N95 Face Mask(N95-NF9N...,₹249,3.6
642,Jack & Jones REUSABLE ANTI BACTERIAL 214066501 Cloth Ma...,₹399,4.2
643,NEA N95 / KN95 FFP2 5- Layer Reusable Anti-Pollution  ...,₹379,4.1
644,Markloan 50 Layer Pharmaceutical Breathable Surgical Po...,₹233,
645,Niger Surgical Respiratory Mask -05 Surgical Mask With ...,₹999,5
646,3 Sepedge Health+ Surgical Mask Mask-40pcs Surgical Mas...,₹200,
647,3W 4 Ply Disposable Face Masks Export Quality Non Woven...,"₹1,599",
648,Dvis 3 Ply Disposable Cotton Mouth Nose Dust Pollution ...,₹749,
649,AAHANA PACK 100 DISPOSABLE MASK Surgical Mask With Melt...,₹194,3.3
650,Dr. Morepen 3 Ply Surgical Face Mask 3Ply Mask 3 Layer ...,₹189,3.2
651,Breathwell MASQUE NASO-BUCCAL COMFORTGEL,"₹1,990",
652,SlowLoris SL4 MC2 Reusable Washable Cloth Mask,₹119,3.5
653,Impulse Impulse Washable Reusable Outdoor Protection Fa...,₹199,
654,Louis philippe LPMSMRGB356553 Cloth Mask With Melt Blow...,₹589,2.3
655,U.S. Polo Assn. USMAK0016,₹446,4.1
656,MANSAA KN95 Face Mask Respirator M52-5,₹95,3.5
657,VERGE KN95/N95 with Filter Face Mask Anti-Pollution & ...,₹197,3.7
658,Giordano Sports Dri-fit | Anti Pollution | 6 Layer | Re...,₹599,4.3
659,Jack & Jones 214066301 Cloth Mask With Melt Blown Fabri...,₹399,3.9
660,Wonder Star 3 Ply Medical Surgical mask Ear Loop - Surg...,₹599,
661,Rockjon 3 Ply Non Face Mask With Nose Pin (Pack of 100)...,₹391,3.3
662,Markloan 20 Layer Pharmaceutical Breathable Surgical Po...,₹184,
663,GORDON Herbal Aid Half Black Face Mask Pack of 6 Black ...,₹118,3.3
664,EverLand EV_3-Ply Mask_Pack of 150 3-Ply Mask for Prote...,₹270,3.5
665,Linenovation Disposable 3-Ply Non-Woven Face Cover with...,₹199,
666,Avocetprint Health+ Surgical Mask MASKSURGICALP30 Surgi...,₹129,
667,3M 9000ING Face,₹214,3.3
668,Wildcraft W95+ Subliprint,₹600,3
669,Bildos 3 Ply pharmaceutical mask with ultrasonic welded...,₹450,3.3
670,EUME 2800000_CamoOrange Reusable Washable Cloth Mask,₹179,4.3
671,casera N95 Anti-Pollution/N95 Face MasK With Melt Blown...,₹199,
672,Markloan N-95_05 Air Filter Face Mask ReusableWashable...,₹205,3.5
673,Gleam N95 with Filter Face Mask Anti-Pollution & Anti ...,₹299,4
674,Nova Reusable Outdoor Protection with Meltblown Fabric ...,₹299,4.1
675,TAOS Reusable KN-95/N-95 mask With Double Respirator ma...,₹199,3.7
676,3W Surgical Nose Pin Anti Pollution Mask Protection Yel...,₹749,
677,Surly Mask for Infection Pack of 100 3 Ply Surgical Nos...,₹299,
678,Matzo Natural Disposable ASTM F2100 with soft Ear Loop...,₹149,3.5
679,Bildos N95 Multi color Washable Mask N-95 with Hot air ...,₹399,4.3
680,E mart KN95_without_filter_6 Washable,₹138,3.4
681,Qraa HyperShield Cotton Face Mask- Reusable Washable a...,₹210,3.6
682,Rockjon 3 Ply Non Face Mask With Nose Pin (Pack of 150)...,₹549,3.7
683,NEA 3 - Layer (3 ply) Surgical Respiratory Anti - Pollu...,₹279,3.2
684,Ada Disposable Mask with Elastic Ear Loops Soft & Comfo...,₹299,3.9
685,Reforce Anti Pollution 3 Ply Disposable Face Mask With...,₹599,
686,3W 4 Ply Disposable Face Masks (Pack of 40-10 Each Colo...,₹399,
687,Peter Jones Mouth Respirator Medical Disposable Face Ma...,₹215,
688,Matzo Natural Disposable ASTM F2100 with soft Ear Loop...,₹149,3.5
689,AAHANA PACK 100 DISPOSABLE MASK Surgical Mask With Melt...,₹194,3.3
690,3M Pack Of 10 8210 Anti pollution White,"₹3,489",
691,casera N95 Anti-Pollution/N95 Face MasK With Melt Blown...,₹199,
692,TAOS Reusable KN-95/N-95 mask With Double Respirator ma...,₹199,3.7
693,Impulse Impulse Washable Reusable Outdoor Protection Fa...,₹199,
694,Nakabh 7 Days 7 Colours 5+2 Layers Protective adjustabl...,₹699,4.5
695,Cafley KN95 Reusable pollution protection CGM5,₹189,3.8
696,VeBNoR Black Reusable Washable ( 10 Piece ) Pollution M...,₹399,3.9
697,Flipkart Smartbuy N95 Mask Multicolor N95_8_Colour_8Pc ...,₹499,3.4
698,3W Surgical Nose Pin Anti Pollution Mask Protection Yel...,₹749,
699,Jack & Jones 214066301 Cloth Mask With Melt Blown Fabri...,₹399,3.9
700,Markloan 20 Layer Pharmaceutical Breathable Surgical Po...,₹184,
701,Wonder Star 3 Ply Medical Surgical mask Ear Loop - Surg...,₹599,
702,Dvis 3 Ply Disposable Cotton Mouth Nose Dust Pollution ...,₹749,
703,Bildos 3 Ply pharmaceutical mask with ultrasonic welded...,₹450,3.3
704,3W 4 Ply Disposable Face Masks Export Quality Non Woven...,"₹1,599",
705,COLORSOLE 3 PLY NON WOVEN FACE MASK FOR PROTECTION OF V...,₹699,3.5
706,Herbal Aid KN95 KN95 Double Square White Filter 4 Reusa...,₹499,
707,Foxter N95-MS-1-2-5 N95 MS-1-2-5 Pollution mask washabl...,₹259,
708,Wildcraft W95+ 3P POINTEL ORG_PUPKIN L,₹570,3.9
709,GORDON Herbal Aid Half Black Face Mask Pack of 6 Black ...,₹118,3.3
710,3M 8210 N95,"₹5,579",3.2
711,"face first ""COMBO"" OF HIGH QUALITY (HEALTH CARE) cloth ...",₹275,
712,VeBNoR PACK OF 3 N95 mask reusable N95 mask washable Co...,₹179,3.6
713,Gleam N95 with Filter Face Mask Anti-Pollution & Anti ...,₹299,4
714,Young Trendz Anti-Pollution -Virus Saftey -Bike Rider -...,₹109,3.5
715,DIMIKI Health+ Surgical Mask With Melt Blown Fabric Lay...,₹599,
716,Daiyamondo (PACK OF 50) 3 Ply Surgical Face Mask with E...,₹151,3.2
717,Swadesi Stuff 3 Ply Anti Pollution Surgical Face Mask f...,₹189,3.4
718,KIHOME Disposable Unisex Face Mask Medical Dental Anti-...,₹339,3.5
719,Bildos N95 Multi color Washable Mask N-95 with Hot air ...,₹399,4.3
720,EUME EUME Protect+ 95 Face 2800001_Black Reusable Cloth...,₹340,4.1
721,Flip Finz SM-40 Surgical Mask With Melt Blown Fabric La...,₹199,3.9
722,COLORSOLE 3 PLY NON WOVEN FACE MASK FOR PROTECTION OF V...,₹699,3.5
723,AAHANA PACK 100 DISPOSABLE MASK Surgical Mask With Melt...,₹194,3.3
724,Kiraro 3 Ply Breathable Mask KIRSM-P150 Surgical Mask,₹599,
725,Geo nature 30-MASK Surgical Mask With Melt Blown Fabric...,₹299,3.9
726,Rockjon Disposable 3Ply Surgical Face Mask - Anti-dust...,₹188,
727,JUMBO MAX PACK OF 100 Surgical Mask,₹229,3.4
728,ROAR PACK OF 1 KN95 Mask Respirator Pollution Mask Re...,₹149,
729,Impulse Impulse Washable Reusable Outdoor Protection Fa...,₹199,
730,CENWELL 6 layer Cotton Anti-pollution Anti-virus and A...,₹399,4.1
731,Matlek KN95Pack_Of_5,₹229,4.2
732,Cafley KN95 Reusable pollution protection CGM5,₹189,3.8
733,WeCool N95 Mask Resuable with 5 layered Protection  An...,₹389,4
734,VeBNoR PACK OF 3 N95 mask reusable N95 mask washable Co...,₹179,3.6
735,3M 9000ING Dust/Mist Respirator BIS P1 1000/CS | ISI ...,₹599,3.6
736,EUME 2800000_CamoGrey Reusable Washable Cloth Mask,₹179,4.7
737,Drishti Polymers 3PLY SURGICAL MASK-50 Surgical Mask (B...,₹109,
738,Supreme Home Collective Surgical Mask Surgical Mask,₹189,4
739,Jack & Jones 214066301 Cloth Mask With Melt Blown Fabri...,₹399,3.9
740,Friendskart 3PLY-SM-10 Surgical Mask With Melt Blown Fa...,₹77,3.5
741,Lavella 200 3 LAYER Surgical Mask,₹290,3.2
742,Homray Aloe-vera Essence Sanitized Face Mask N95 Dispos...,₹397,3.8
743,Bildos 3 Ply pharmaceutical mask with ultrasonic welded...,₹450,3.3
744,dumppy 3 ply surgical disposable face mask 500pc Surgic...,"₹1,899",
745,Herbal Aid N95 N95 DSFGM 1 Reusable,₹179,
746,VIP VSAVE 6 Layer Protective Air Mesh Mask | Pack Of 3 ...,₹398,3.9
747,Flipkart SmartBuy Health+ N95 Mask W3,₹299,4.2
748,BASE 41 Reusable and Washable Child Mouth Mask Cartoon ...,₹179,3.9
749,GORDON Herbal Aid Half Black Face Mask Pack of 6 Black ...,₹118,3.3
750,Bodyguard Reusable Anti Pollution Face Mask with Activa...,₹299,4
751,Vastramay VASMASK-29+30+32 Reusable Cloth Mask With Mel...,₹299,3.4
752,Impulse Impulse Washable Reusable Outdoor Protection Fa...,₹399,3.8
753,Gleam N95 with Filter Face Mask Anti-Pollution & Anti ...,₹299,4
754,CELWARK Disposable 200 Face Mask Medical Dental Anti-du...,₹899,
755,3w 4 Ply Disposable Non Woven Fabric Mask With 4 Layer ...,₹299,
756,RAGHUKUL 100 Piece OF 3 Ply Pharmaceutical Mask 100 Pie...,₹298,3.8
757,SAT MASK3P-100 Surgical Mask,₹369,
758,Adbeni Stitch Non Woven Fabric ADB3P-9 Surgical Mask Wi...,₹449,
759,Bildos N95 Multi color Washable Mask N-95 with Hot air ...,₹399,4.3
760,Earton 3 ply-1003 Non woven blue Mouth Nose Cover Anti-...,₹349,
761,DIMIKI MASK-8150 Surgical Mask With Melt Blown Fabric L...,₹399,
762,3W Disposable Face Masks with 3-Layer Protection & Comf...,₹299,4.3
763,Attache KN95/N95 with Filter Face Mask Anti-Pollution ...,₹499,
764,TABARET Disposable 3 Ply Surgical Face Mask with Earloo...,₹139,
765,House Of Sensation standard comfort 100pc Disposable Po...,₹249,3.5
766,Vaquita surgical Face Mask Disposable 2 Ply With Elasti...,₹274,
767,Herbal Aid KN95 KN95 Double Square Black Filter 10 Reus...,₹999,
768,Birde N95 Mask Filter Pro 5 Layer Triple Particle Filtr...,₹169,3.9
769,Attache N95 with Filter Face Mask Anti-Pollution & Ant...,₹349,4.1
770,SlowLoris SLMB1S Cloth Mask,₹80,3.9
771,Peter England PECLMSKW52060N Cloth Mask With Melt Blown...,₹339,3.9
772,EUME 2800000_CamoGrey Reusable Washable Cloth Mask,₹179,4.7
773,Attache N95 with Filter Face Mask Anti-Pollution & Ant...,₹249,
774,CENWELL 6 Layer Printed Cotton Anti-pollution Anti-vir...,₹180,3.8
775,AZVIN KN95 Face Mask Reuseable Anti-Pollution Face Ma...,₹89,3.9
776,STEPUPP Surgical Tie Face Mask (3PLY) Great for Virus P...,₹99,4.7
777,Adbeni Stitch Non Woven Fabric ADB3P-9 Surgical Mask Wi...,₹449,
778,DEFINITELY Disposable Air Pollution & Protection Mask F...,₹749,
779,Attache N95 with Filter Face Mask Anti-Pollution & Ant...,₹299,
780,3 Sepedge 3PLY-MASK-10 Surgical Mask With Melt Blown Fa...,₹80,
781,3W 4 Ply Disposable Face Masks (Pack of 50) Export Qual...,₹499,4.2
782,Billebon mask20 Surgical Mask,₹199,
783,Attache N95 with Filter Face Mask Anti-Pollution & Ant...,₹299,
784,Herbal Aid YFO 2 YFO 2 Reusable Washable,₹299,3.9
785,Kenneth Cole 100% Cotton Anti Pollution Anti Heat Anti ...,₹699,3.8
786,PNV Kraft 4 - 10 Years PLKO033 Anti-Pollution Dust Wash...,₹199,3.7
787,Swadeshi N95 Mask Filter Pro 6 Layers Triple Particle F...,₹499,
788,EUME 2800000_CamoGreen Reusable Washable Cloth Mask,₹179,4.1
789,Attache N95 Face Mask Anti-Pollution & Anti Virus Brea...,₹249,
790,LOIS CARON WHITE PACK OF 5 FACE MASK ANTI POLLUTION WIT...,₹199,5
791,Vastramay VASMASK-39+43+49 Cloth Mask,₹299,4
792,BLUEDOT 3 Ply Mask Surgical Mask With Melt Blown Fabric...,₹192,4.3
793,Attache N95 with Filter Face Mask Anti-Pollution & Ant...,₹299,3.6
794,Foxter Surgical Mask With 100 Melt Blown Fabric Layer S...,₹199,3.5
795,NEJA 3 Ply Surgical Face Mask with Ear loop Great for ...,₹149,
796,Vozzby Combo of 50 Piece Surgical Face Masks Unisex Ant...,₹290,
797,LocalRama 3-Ply-150 Water Resistant Reusable Surgical ...,₹429,
798,Kiraro Disposable 3Ply Surgical Face Mask - Anti-dustA...,₹98,3.4
799,LOREM 9N Anti-Pollution/Surgical N95 Face Mask(N95-GR-N...,₹249,3.8
800,House Of Sensation Disposable 3 Ply Surgical Face Mask ...,₹78,3.4
801,3w 4 Ply Disposable Non Woven Fabric Mask With 4 Layer ...,₹599,
802,Kiraro 3 Ply Disposable Surgical Mask with Nose Pin for...,₹185,
803,AAHANA PACK 100 DISPOSABLE MASK Surgical Mask With Melt...,₹194,3.3
804,3w 4 Ply Disposable Non Woven Fabric Mask With 4 Layer ...,₹899,
805,3W 4 Ply Disposable Face Masks (Pack of 60-15 Each Colo...,₹549,
806,Herbal Aid 3M 9004IN 3M 9004IN 001 Reusable,₹199,
807,Aircum KN95 Shield Supermask reusable outdoor protectio...,₹199,3.7
808,Flipkart SmartBuy Health+ Hexaprotect Reusable Outdoor ...,₹359,4
809,Impulse Impulse Washable Reusable Outdoor Protection Fa...,₹199,
810,Dillinger MASK-NVYCOMBO,₹299,4
811,Human Steps Blue Cloth Mask HSM-003 Washable Cloth Mask,₹149,4.3
812,Birde N95 Mask Filter Pro 5 Layers Triple Particle Filt...,₹249,4.7
813,Jack & Jones 214066301 Cloth Mask With Melt Blown Fabri...,₹399,3.9
814,Flipkart SmartBuy Health+ N95 Mask Green (Pack of 3) sb...,₹199,3.7
815,DIMIKI Surgical Mask With Melt Blown Fabric Layer surgi...,₹79,
816,CraftoRama Surgical Face Mask (3PLY) Great for Virus P...,₹250,3
817,Swadesi Stuff 3 Ply Anti Pollution Surgical Face Mask f...,₹149,3.6
818,Flipkart SmartBuy Health+ Surgical Mask SM-15 Surgical ...,₹184,3.6
819,GORDON Herbal Aid Half Black Face Mask Pack of 6 Black ...,₹118,3.3
820,3 Sepedge Health+ Surgical Mask Mask-30pcs Surgical Mas...,₹120,3.3
821,SKC Surgical Mask SM-450 Surgical Mask With Melt Blown ...,₹649,3.8
822,3M Particulate Respirator 8210 N95 Mask NIOSH Approve...,₹535,3.2
823,Bildos 3 Ply pharmaceutical mask with ultrasonic welded...,₹450,3.3
824,EcoNBioroots Multicolor Cotton Face Mask Reusable Wash...,₹239,3.7
825,NEA N95/KN95 5-Layer Anti- Pollution  Anti- Virus Reus...,₹238,4.1
826,Wildcraft Outdoor mask 5P 12536_L_Glacer_Gry,₹649,4.6
827,Peter England Protective Fabric Mask PECLMSKW52034,₹297,3.9
828,VeBNoR COMBO OF 3 N95 mask reusable N95 mask washable R...,₹179,4
829,Gleam N95 with Filter Face Mask Anti-Pollution & Anti ...,₹299,4
830,eAmaze Cartoon Mask for Kids (For Boys) - Reusable Wash...,₹249,3.5
831,Fabaro 3Ply-100pcs Surgical Mask,₹799,
832,Epyz Surgical Mask EP-50 Surgical Mask With Melt Blown ...,₹540,
833,Bildos N95 Multi color Washable Mask N-95 with Hot air ...,₹399,4.3
834,DawnRays Surgical Face Mask Anti Pollution 3 Ply Face...,₹199,
835,ARRA LIFE Disposable Half Face Mask Light Blue Color FM...,₹415,
836,airnxt Surgical Face Mask Anti Pollution 3 Ply Face M...,₹899,
837,3w Disposable Face Masks Export Quality Non Woven Fabri...,₹799,
838,STARZ V-500 Reusable Half Face TPE Mask & V-7500 Single...,₹990,3.8
839,RBC ReusableWashable and Pollution Free N95 Mask For M...,₹222,4.7
840,Eliq 3 Ply Face Mask - Surgical Face Mask For Virus Pro...,₹179,
841,Salta Melt blown Filter Non-Woven Fabric Breathable Sur...,₹199,
842,Zyaden MZ-10 Surgical Mask With Melt Blown Fabric Layer,₹135,3.7
843,NEA 3 - Layer (3 ply) Surgical Respiratory Anti - Pollu...,₹279,3.2
844,3w Disposable Face Masks Export Quality Non Woven Fabri...,₹799,
845,STARZ V-500 Reusable Half Face TPE Mask & V-7500 Single...,₹990,3.8
846,HappiShoppi RSMPL-COMBO-6COL Water Resistant Reusable...,₹260,4.1
847,Jack & Jones 214398301 Cloth Mask,₹399,4.8
848,Livinguard Ultra Medium (Bombay Blue),"₹1,990",4.7
849,AAHANA PACK 100 DISPOSABLE MASK Surgical Mask With Melt...,₹194,3.3
850,Kiraro KN95/N95 Pollution Face Mask Without Filter wash...,₹239,
851,VeBNoR COMBO OF 3 N95 mask reusable N95 mask washable R...,₹179,4
852,Impulse I95 BV PO1 Grey I95 BV PO1 Grey Reusable,₹149,
853,Impulse Impulse Washable Reusable Outdoor Protection Fa...,₹199,
854,LocalRama Disposable Surgical Virus Protective Face Mas...,₹189,
855,SHIELD INDIA Surgical Face Mask Anti Pollution 3 Ply ...,₹498,
856,Mtrocraft -Wildcraftmask-3ply-100 Surgical Mask With Me...,₹300,3.7
857,Vozzby Combo of 100 Piece Surgical Face Masks Unisex An...,₹588,
858,WDS 50 Pcs Disposable Face Masks with elastic Earloop ...,₹497,
859,Jack & Jones 214066301 Cloth Mask With Melt Blown Fabri...,₹399,3.9
860,KIHOME Surgical Purpose Mask Surgical Mask With Melt Bl...,₹469,
861,Herbal Aid Reusable & Washable Mask White Filter 2 Reus...,₹295,3.4
862,PNV Kraft 4 - 10 Years PLKO030 Anti-Pollution Dust Wash...,₹199,4.2
863,Bildos 3 Ply pharmaceutical mask with ultrasonic welded...,₹450,3.3
864,GlassZone Medical Mask Respirator KN95 WSX -6601,₹199,3.5
865,VeBNoR 100 Units Disposable 3 Ply Pharmaceutical Breath...,₹299,3.7
866,Swiggy Combo pack of 10 Mouth Nose Cover Anti-pollutio...,₹199,
867,NEA COTTON 3-LAYER N95 PROTECTIVE REUSABLE FACE MASK WA...,₹239,4.3
868,VeBNoR Black Reusable Washable ( 2 Piece ) Pollution Ma...,₹159,4.3
869,GORDON Herbal Aid Half Black Face Mask Pack of 6 Black ...,₹118,3.3
870,Royle Katoch Germs / Virus Mask Protection Face Mask 3 ...,₹222,3.7
871,Kolorfame Surgical Tie Face Mask (3PLY) Great for Virus...,₹399,
872,BR FRISQY BL-35 Surgical Mask,₹199,
873,Gleam N95 with Filter Face Mask Anti-Pollution & Anti ...,₹299,4
874,SWADESI STUFF PACK OF 150 Surgical Mask With Melt Blown...,₹449,
875,NEYSSA (PACK OF 5) Anti-Pollution Flu Surgical Mask 3 P...,₹60,
876,Elegance EG_3-Ply Mask_Pack of 50 3-Ply Mask for Protec...,₹169,3.8
877,3M Particulate Respirator 9000ing with 8210-N95 (Pack o...,"₹1,900",
878,Medimaf by Mafatlal MN95 Washable and Reusable Seven La...,₹99,
879,Bildos N95 Multi color Washable Mask N-95 with Hot air ...,₹399,4.3
880,Adbeni Stitched Non Woven Fabric ADB3P-2 Surgical Mask ...,₹249,3.7
881,SEEBA 50 Units Disposable 3 Ply Pharmaceutical Breathab...,₹199,
882,AADICARE 3 Ply Face Protective Mask PACK OF 100 Surgica...,₹240,3.6
883,NEA 3 - Layer (3 ply) Surgical Respiratory Anti - Pollu...,₹279,3.2
884,Herbal Aid Reusable & Washable Mask H500 H Reusable Wa...,"₹2,859",
885,F Gear F95 Pearl Mask for Adult 7 layer ISO CE SITRA la...,₹599,4.6
886,Venus Mask ISI Marked V44+ N95,₹229,3.8
887,Status Digital Washable Reusable Face Mask - Four Layer...,₹122,
888,Venus V-410-V ISI Approved Anti Pollution Mask with Val...,₹154,3.1
889,AAHANA PACK 100 DISPOSABLE MASK Surgical Mask With Melt...,₹194,3.3
890,SHIELD INDIA KN95 5 Layer Reusable/Washable Face Mask w...,₹219,3.9
891,EUME 2800007_Orange (L Singham),₹213,
892,SPEACK HEALTH+SURGICAL MASK SM/15 Surgical Mask With Me...,₹234,
893,Impulse Impulse Washable Reusable Outdoor Protection Fa...,₹199,
894,Shop & Shoppee 3 layer 3Ply Surgical Mask With Melt Blo...,"₹1,198",
895,Karki Fusion Surgical respiratory (100 pc) Disposable 3...,₹329,
896,BEST&WELL 12202 Surgical Mask,₹198,
897,Swadesi Stuff 3 Ply Anti Pollution Surgical Face Mask f...,₹229,3.4
898,Supreme Home Collective Surgical Mask -250 Surgical Mas...,₹379,3.4
899,NEA KN95 / N95 Anti Pollution and Anti Viral 5 Layered ...,₹181,3.8
900,Herbal Aid KN95 KN95 Square Filter Black Mask 3 Reusabl...,₹379,
901,MontVitton 3 Layer Protective Pollution Mask 100% Cotto...,₹299,4
902,Puma Adjustable Face Mask Set of Two 5410807,₹599,4.6
903,Jack & Jones 214066301 Cloth Mask With Melt Blown Fabri...,₹399,3.9
904,careview N95 | FFP2 FDA CE DRDO Certified Protective ...,₹699,
905,careview N95 | FFP2 FDA CE DRDO Certified Protective ...,₹297,4
906,HSR Washable Reusable Cloth 100% Pure Khadi Organic Dou...,₹449,3.4
907,F Gear F95 Safeguard Mask for Adult 7 layer ISO CE SITR...,₹399,3.9
908,shoora arts MPK20 Surgical Mask With Melt Blown Fabric ...,₹220,
909,GORDON Herbal Aid Half Black Face Mask Pack of 6 Black ...,₹118,3.3
910,LocalRama Disposable Surgical Virus Protective Face Mas...,₹219,
911,3W Disposable Face Masks with 3-Layer Protection with C...,₹249,4
912,Flip Finz SM-60 Surgical Mask With Melt Blown Fabric La...,₹299,
913,Bildos 3 Ply pharmaceutical mask with ultrasonic welded...,₹450,3.3
914,DaReMoBi SM-30 SM -30 Surgical Mask,₹249,
915,Orget Sugical Mask 01 Mask-3ply Disposable Mouth Surgic...,₹249,
916,Herbal Aid Reusable & Washable Mask H500 H Reusable Wa...,"₹1,149",
917,Nova NEXA Shield Premium NN95 Reusable Outdoor Protecti...,₹179,3.7
918,L.O.F. Lords of Fashion Anti-Pollution Dust Cotton Mask...,₹289,4.3
919,WeCool N95 Mask Resuable with 5 layered Protection  An...,₹389,4
920,DEFINITELY Disposable Air Pollution & Protection Mask F...,₹999,
921,NCY Virus 3Ply Surgical Face Mask N-95 ) (3 layer face ...,₹72,3.6
922,NSC 8210,₹225,3.7
923,NEA 3 - Layer (3 ply) Surgical Respiratory Anti - Pollu...,₹279,3.2
924,Aircum KN95 Shield Supermask reusable outdoor protectio...,₹299,3.7
925,Puma Face Mask (2 pcs) WMN 5409901 Washable Cloth Mask,₹499,4.3
926,Kiraro KN95/N95 Pollution Face Mask Without Filter wash...,₹299,
927,Matlek KN95 Mask Black With 5 Layer Protection Medical ...,₹229,3.8
928,NEVITA Unisex Anti Pollution Reusable Washable Half Fac...,₹215,4.5
929,AAHANA PACK 100 DISPOSABLE MASK Surgical Mask With Melt...,₹194,3.3
930,Gear BREATHEASY Adult Unisex 6 Layer ACCBRHEYMSK0301 Cl...,₹219,3.7
931,Dvis Disposable Surgical Face Mask with 3 Layer Filter...,₹269,3.5
932,NUVON pollution high Quality Surgical Mask With Melt Bl...,₹260,
933,WeCool N95 Mask Resuable with 5 layered Protection  An...,₹389,4
934,3W 4 Ply Disposable Face Masks Export Quality Non Woven...,₹249,4.3
935,FINCH Surgical Face Mask Anti Pollution 3 Ply Face Ma...,₹198,3.7
936,Shop & Shoppee 3 layer 3Ply Surgical Mask With Melt Blo...,₹174,
937,Mtrocraft 3PLY Certified Surgical mask-500 3PLY SURGICA...,"₹1,500",
938,SynoCare SYC-V-M,"₹1,500",3.8
939,Jack & Jones 214066301 Cloth Mask With Melt Blown Fabri...,₹399,3.9
940,VeBNoR 5 Piece N95 Mask Washable N95 Mask Reusable Mask...,₹259,3.8
941,Vastramay VASMASK-50+51+52 Cloth Mask,₹299,4.1
942,Impulse Impulse Washable Reusable Outdoor Protection Fa...,₹199,
943,GORDON Herbal Aid Half Black Face Mask Pack of 6 Black ...,₹118,3.3
944,Orvax Anti air Pollution Anti Air Black Bike Riding Pol...,₹597,3.5
945,Nova Hexa Shield Reusable Outdoor Protection Mask,₹399,3.8
946,Vastramay VASMASK-34+33+38 Reusable Cloth Mask With Mel...,₹299,3.7
947,Mopi Surgicalrespiratory Mask With Melt Blown Fabric L...,₹261,
948,LocalRama 3-Ply-75 Reusable Water Resistant Surgical M...,₹224,
949,Bildos 3 Ply pharmaceutical mask with ultrasonic welded...,₹450,3.3
950,Fabula 3 Ply Non Surgical Disposable Face Mask 20 GSM U...,₹449,
951,Swadesi Stuff 3 Ply Anti Pollution Surgical Face Mask f...,₹129,3.5
952,DR-mask Nose-Pin 50 NP 3Ply 50 Water Resistant Surgical...,₹450,
953,Gleam N95 with Filter Face Mask Anti-Pollution & Anti ...,₹299,4
954,Kihome 3Ply Mask pack of 450_ Surgical Mask With Melt B...,₹479,
955,Cafley Reusable Anti pollution KN95 protection CGM2,₹199,3.9
956,NEON 9 KN95 KN95 FILTERED MASK,₹249,3.5
957,Gleam N95 Face Mask Anti-Pollution & Anti Virus Breath...,₹299,
958,Vero Moda 214200201 Cloth Mask With Melt Blown Fabric L...,₹479,
959,Bildos N95 Multi color Washable Mask N-95 with Hot air ...,₹399,4.3
960,Mopi Surgicalrespiratory Mask With Melt Blown Fabric L...,₹261,
961,Herbal Aid N95 N95 9 Reusable,₹999,
962,Park Avenue PZZF04839-X1,₹425,3.7
963,AAHANA PACK 100 DISPOSABLE MASK Surgical Mask With Melt...,₹194,3.3
964,Puma Kid's (7-12 years) Face Mask Set of Two 5410905 Cl...,₹499,2.6
965,casera N95 Anti-Pollution/Surgical N95 Face MasK With M...,₹249,3.7
966,GlassZone KN95- 5 Layer Reusable Antipollution Mask wi...,₹134,3.6
967,HashBean 2 Layer Everyday Reusable Protective Reusable...,₹149,4.1
968,Pockester KIDS Reusable Outdoor Protection Mask 8276212...,₹169,3.9
969,Impulse Impulse Washable Reusable Outdoor Protection Fa...,₹199,
970,BADLAV 400 Units 3 Layer Pharmaceutical Breathable Surg...,₹649,
971,3W Non-Woven Face Masks with 4-Layer Protection & With ...,₹449,3.3
972,RAGHUKUL 50 Piece Of 3 Ply Pharmaceutical Mask 3 Ply Su...,₹199,3.8
973,Jack & Jones 214066301 Cloth Mask With Melt Blown Fabri...,₹399,3.9
974,Niger msk3 Surgical Mask With Melt Blown Fabric Layer,₹499,3.7
975,Flip Finz SM-20 Surgical Mask With Melt Blown Fabric La...,₹130,
976,LOREM MASK400 1 time use Disposable |Surgical Face Mask...,"₹1,468",
977,Herbal Aid 3M 9004IN 3M 9004IN 0010 Reusable,"₹1,470",
978,Vastramay 203 Reusable Cloth Mask With Melt Blown Fabri...,₹99,3.7
979,GORDON Herbal Aid Half Black Face Mask Pack of 6 Black ...,₹118,3.3
980,oromask Alpha Blue O2 DESIGNER,₹249,4
981,HappiShoppi HappiShoppi 100% Cotton Women Washable & Re...,₹298,4.5
982,Asian washable reusable face masks for germ protection ...,₹449,3.6
983,Bildos 3 Ply pharmaceutical mask with ultrasonic welded...,₹450,3.3
984,Inktree Designer Printed Face Mask (D.No. 42) Cloth Mas...,₹129,3.4
985,F Gear Masks for Adult Pure Cotton Face Mask 3577 Reusa...,₹199,3.7
986,Kiraro 3 Ply Disposable Breathable Blue Surgical Mask P...,₹199,3.5
987,Ketmart 3 Ply Non Woven Fabric Premium Quality Surgical...,₹199,
988,LOF 3PLYMASK_500 Surgical Mask,₹999,
989,Gleam N95 with Filter Face Mask Anti-Pollution & Anti ...,₹299,4
990,Shop At Bargain Surgical Face Mask 3 PLY SBS-Mask-264 S...,₹125,3.8
991,Kihome 3Ply Mask pack of 200 Surgical Mask,₹329,3.5
992,vivan surgical export and import Disposable 3 Ply Pharm...,₹199,
993,Bildos N95 Multi color Washable Mask N-95 with Hot air ...,₹399,4.3
994,Autofurnish (Set of 18) Trendy Cotton Washable Reusable...,₹649,3.5
995,Magic Design MAGIC MASK CG0X3 Water Resistant Reusable...,₹119,4.1
996,Vrnda Mask_Mustred Reusable Cloth Mask,₹102,4.2
997,NEA GEOMETRY PRINTED DSIGNER N95 FFP2 5 Layer Reusable ...,₹159,
998,QUALX N95 KIDS MASK Reusable washable N95 KIDS Mask Wit...,₹399,3.9
999,RBC ReusableWashable and Pollution Free N95 Mask For M...,₹222,4.7
